,id,Barbecue,Breads,Fall,French,Italian,Kid-Friendly,Main Dishes,Peruvian,Spring,Summer,Sunday Lunch,Valentine's Day
0,Italian-Breaded-Pork-Scallopini-1637726,0.0,0.0,0.0,0.0,1,0.0,1,0.0,0.0,0.0,0.0,0.0
1,Italian-Chicken-_-Spinach-Bake-1631947,0.0,0.0,0.0,0.0,1,0.0,1,0.0,0.0,0.0,0.0,0.0
2,Braised-Italian-Pot-Roast-1518989,0.0,0.0,0.0,0.0,1,0.0,1,0.0,0.0,0.0,1.0,0.0
3,VELVEETA-Italian-Sausage-Bake-1080703,0.0,0.0,0.0,0.0,1,0.0,1,0.0,0.0,0.0,0.0,0.0
4,Baked-Penne-with-Italian-Sausage-472692,0.0,0.0,0.0,0.0,1,0.0,1,0.0,0.0,0.0,0.0,0.0
5,Shrimp-Scampi-Pizza-1135211,0.0,0.0,0.0,0.0,1,0.0,1,0.0,0.0,0.0,0.0,0.0
6,Linguine-with-Crab-682493,0.0,0.0,0.0,0.0,1,0.0,1,0.0,0.0,0.0,0.0,0.0
7,Asparagus-Garlic-Scape-Pesto-Spaghetti-440141,0.0,0.0,0.0,0.0,1,0.0,1,0.0,0.0,0.0,0.0,0.0
8,Fettuccine-alla-Carbonara-494667,0.0,0.0,0.0,0.0,1,0.0,1,0.0,0.0,0.0,0.0,0.0
9,Quick-Italian-Skillet-Dinner-1201074,0.0,0.0,0.0,0.0,1,0.0,1,0.0,0.0,0.0,0.0,0.0
10,Chicken-piccata-368539,0.0,0.0,0.0,0.0,1,0.0,1,0.0,0.0,0.0,0.0,0.0
11,Pappardelle-with-Italian-Beef-Ragu-1567222,0.0,0.0,0.0,0.0,1,0.0,1,0.0,0.0,0.0,0.0,0.0
12,Sicilian-style-Grilled-Tuna-Steaks-1640065,1.0,0.0,0.0,0.0,1,0.0,1,0.0,0.0,0.0,0.0,0.0
13,New-York-Italian-Pizza-Dough-AllRecipes,0.0,1.0,0.0,0.0,1,0.0,1,0.0,0.0,0.0,0.0,0.0
14,Asparagus-Lemon-Risotto-1630081,0.0,0.0,0.0,0.0,1,0.0,1,0.0,0.0,0.0,0.0,0.0
15,Easy-Cheesy-Lasagna-MyRecipes-211589,0.0,0.0,0.0,0.0,1,1.0,1,0.0,0.0,0.0,0.0,0.0
16,Baked-Pesto-Chicken-Parmesan-519243,0.0,0.0,0.0,0.0,1,0.0,1,0.0,0.0,0.0,0.0,0.0
17,Classic-Beef-Meatballs-Martha-Stewart-239070,0.0,0.0,0.0,0.0,1,0.0,1,0.0,0.0,0.0,0.0,0.0
18,Ultimate-Cheese-Pizza-My-Recipes,0.0,0.0,0.0,0.0,1,0.0,1,0.0,0.0,0.0,0.0,0.0
19,Quick-_-Easy-Spaghetti-Bolognese-1026647,0.0,0.0,0.0,0.0,1,0.0,1,0.0,0.0,0.0,0.0,0.0
20,Spicy-Marinara-Penne-Pasta-1221648,0.0,0.0,0.0,0.0,1,0.0,1,0.0,0.0,0.0,0.0,0.0
21,Penne-with-Sausage-and-Spicy-Cream-Tomato-Sauce-1575444,0.0,0.0,0.0,0.0,1,0.0,1,0.0,0.0,0.0,0.0,0.0
22,Quick-Pizza-Dough-1064416,0.0,0.0,0.0,0.0,1,0.0,1,0.0,0.0,0.0,0.0,0.0
23,Stuffed-shells-308656,0.0,0.0,0.0,0.0,1,0.0,1,0.0,0.0,0.0,0.0,0.0
24,Mushroom-and-leek-risotto-307949,0.0,0.0,0.0,0.0,1,0.0,1,0.0,0.0,0.0,0.0,0.0
25,Crock-pot-chicken-cacciatore-352435,0.0,0.0,0.0,0.0,1,0.0,1,0.0,0.0,0.0,0.0,0.0
26,Spaghetti-Carbonara-Martha-Stewart,0.0,0.0,0.0,0.0,1,0.0,1,0.0,0.0,0.0,0.0,0.0
27,Italian-Fried-Chicken-1114011,0.0,0.0,0.0,0.0,1,0.0,1,0.0,0.0,0.0,0.0,0.0
28,Lobster-diavolo-327815,0.0,0.0,0.0,0.0,1,0.0,1,0.0,0.0,0.0,0.0,0.0
29,Chicken-_-linguine-in-creamy-tomato-sauce-300090,0.0,0.0,0.0,0.0,1,0.0,1,0.0,0.0,0.0,0.0,0.0
30,Eggplant-Lasagna-1154686,0.0,0.0,0.0,0.0,1,0.0,1,0.0,0.0,0.0,0.0,0.0
31,Grilled-Top-Sirloin-Filets-with-Italian-Salsa-Verde-1643424,1.0,0.0,0.0,0.0,1,0.0,1,0.0,0.0,0.0,0.0,0.0
32,Chicken-rollatini-with-spinach-alla-parmigiana-352043,0.0,0.0,0.0,0.0,1,0.0,1,0.0,0.0,0.0,0.0,0.0
33,Spinach-Lasagna-III-1631278,0.0,0.0,0.0,0.0,1,0.0,1,0.0,0.0,0.0,0.0,0.0
34,Mushroom-lasagna-305429,0.0,0.0,0.0,0.0,1,0.0,1,0.0,0.0,0.0,0.0,0.0
35,_Easy-Dinner-Recipe_-Italian-Chicken-Bake-1065059,0.0,0.0,0.0,0.0,1,0.0,1,0.0,0.0,0.0,0.0,0.0
36,Baked-orecchiette-345252,0.0,0.0,0.0,0.0,1,0.0,1,0.0,0.0,0.0,0.0,0.0
37,20-Minute-Healthy-Chicken-Parmesan-1111419,0.0,0.0,0.0,0.0,1,0.0,1,0.0,0.0,0.0,0.0,0.0
38,Linguine-with-Tomatoes_-Basil-and-Brie-472060,0.0,0.0,0.0,0.0,1,0.0,1,0.0,0.0,0.0,0.0,0.0
39,SPINACH-TURKEY-LASAGNA-989634,0.0,0.0,0.0,0.0,1,0.0,1,0.0,0.0,0.0,0.0,0.0
40,Tagliatelle-Carbonara-1399195,0.0,0.0,0.0,0.0,1,0.0,1,0.0,0.0,0.0,0.0,0.0
41,Tuscan-Style-Steak-1598184,1.0,0.0,0.0,0.0,1,0.0,1,0.0,0.0,1.0,0.0,0.0
42,Skinny-Chicken-and-Broccoli-Alfredo-1035438,0.0,0.0,0.0,0.0,1,0.0,1,0.0,0.0,0.0,0.0,0.0
43,Spaghetti-con-le-zucchine-_Spaghetti-with-Zucchini_-1686999,0.0,0.0,0.0,0.0,1,0.0,1,0.0,0.0,0.0,0.0,0.0
44,Spaghetti-With-Fresh-Tomato-and-Basil-Sauce-1241621,0.0,0.0,0.0,0.0,1,0.0,1,0.0,0.0,0.0,0.0,0.0
45,Pesto-Chicken-Pasta-1062234,0.0,0.0,0.0,0.0,1,0.0,1,0.0,0.0,0.0,0.0,0.0
46,Lasagna-with-creamy-pink-sauce-303334,0.0,0.0,0.0,0.0,1,0.0,1,0.0,0.0,0.0,0.0,0.0
47,Lemon-Chicken-Piccata-963569,0.0,0.0,0.0,0.0,1,0.0,1,0.0,0.0,0.0,0.0,0.0
48,Garlic-bread-pizza-crust-333245,0.0,1.0,0.0,0.0,1,0.0,1,0.0,0.0,0.0,0.0,0.0
49,Creamy-Shells-with-Artichokes-_-Italian-Sausage-1585362,0.0,0.0,0.0,0.0,1,0.0,1,0.0,0.0,0.0,0.0,0.0
50,Spinach-and-Garlic-Spaghetti-with-Pecorino-489516,0.0,0.0,0.0,0.0,1,0.0,1,0.0,0.0,0.0,0.0,0.0
51,Pioneer-Woman_s-Linguine-with-Clam-Sauce-471959,0.0,0.0,0.0,0.0,1,0.0,1,0.0,0.0,0.0,0.0,0.0
52,Italian-Baked-Chicken-and-Potatoes-1067545,0.0,0.0,0.0,0.0,1,1.0,1,0.0,0.0,0.0,0.0,0.0
53,30-Minute-Caprese-Pasta-Skillet-1269403,0.0,0.0,0.0,0.0,1,0.0,1,0.0,0.0,0.0,0.0,0.0
54,Julia-Child_s-Eggplant-Pizzas-_Tranches-d_aubergine-a-l_italienne_-571708,0.0,0.0,0.0,0.0,1,0.0,1,0.0,0.0,0.0,0.0,0.0
55,Oven-Baked-Parmesan-Paprika-Skinless-Boneless-Chicken-Breast-1009986,0.0,0.0,0.0,0.0,1,0.0,1,0.0,0.0,0.0,0.0,0.0
56,Skinny-Italian-Bruschetta-Chicken-1237644,1.0,0.0,0.0,0.0,1,0.0,1,0.0,0.0,0.0,0.0,0.0
57,Quick-pasta-carbonara-370040,0.0,0.0,0.0,0.0,1,0.0,1,0.0,0.0,0.0,0.0,0.0
58,Pasta-with-Spinach-Tomatoes-and-Parmesan-Cheese-1209178,0.0,0.0,0.0,0.0,1,0.0,1,0.0,0.0,0.0,0.0,0.0
59,Slow-Cooker-Garlic-Chicken-with-Couscous-Martha-Stewart-260123,0.0,0.0,0.0,0.0,1,0.0,1,0.0,0.0,0.0,0.0,0.0
60,Shrimp-alla-Marinara-1031654,0.0,0.0,0.0,0.0,1,0.0,1,0.0,0.0,0.0,0.0,0.0
61,Spaghetti-with-Garlic-Three-Ways-Martha-Stewart-241228,0.0,0.0,0.0,0.0,1,0.0,1,0.0,0.0,0.0,0.0,0.0
62,Baked-chicken-saltimbocca-300051,0.0,0.0,0.0,0.0,1,1.0,1,0.0,0.0,0.0,0.0,0.0
63,Pasta-with-Fresh-Tomatoes-and-Pine-Nuts-Martha-Stewart,0.0,0.0,0.0,0.0,1,0.0,1,0.0,0.0,0.0,0.0,0.0
64,Pumpkin-Ricotta-Gnocchi-Simply-Recipes-200941,0.0,0.0,0.0,0.0,1,0.0,1,0.0,0.0,0.0,0.0,0.0
65,Linguine-with-Lemon-Cream-Sauce-Martha-Stewart-193280,0.0,0.0,0.0,0.0,1,0.0,1,0.0,0.0,0.0,0.0,0.0
66,Baked-Italian-Meatballs-1407628,0.0,0.0,0.0,0.0,1,0.0,1,0.0,0.0,0.0,0.0,0.0
67,Spaghetti-_-No-Cook-Tomato-Sauce-1680335,0.0,0.0,0.0,0.0,1,0.0,1,0.0,0.0,0.0,0.0,0.0
68,Italian-Spaghetti-and-Meatballs-1290346,0.0,0.0,0.0,0.0,1,0.0,1,0.0,0.0,0.0,0.0,0.0
69,Lasagne-544466,0.0,0.0,0.0,0.0,1,0.0,1,0.0,0.0,0.0,0.0,0.0
70,Spaghetti-with-Tempeh-Sausage-Marinara-and-Artichokes-1678563,0.0,0.0,0.0,0.0,1,0.0,1,0.0,0.0,0.0,0.0,0.0
71,Chicken-Piccata-968345,0.0,0.0,0.0,0.0,1,0.0,1,0.0,0.0,0.0,0.0,0.0
72,Italian-Sausage-and-Basil-Pizza_-1314799,0.0,0.0,0.0,0.0,1,0.0,1,0.0,0.0,0.0,0.0,0.0
73,Four-Cheese-Italian-Lasagna-with-Bolognese-Sauce-1611275,0.0,0.0,0.0,0.0,1,0.0,1,0.0,0.0,0.0,0.0,0.0
74,Italian-chicken-rollatini-297480,0.0,0.0,0.0,0.0,1,1.0,1,0.0,0.0,0.0,0.0,0.0
75,Slow-Cooker-Chicken-Cacciatore-Allrecipes,0.0,0.0,0.0,0.0,1,0.0,1,0.0,0.0,0.0,0.0,0.0
76,Rigatoni-Pizza-Skillet-1592235,0.0,0.0,0.0,0.0,1,0.0,1,0.0,0.0,0.0,0.0,0.0
77,Slow-Cooker-Cheesy-Sausage-Tortellini-1504741,0.0,0.0,0.0,0.0,1,0.0,1,0.0,0.0,0.0,0.0,0.0
78,Carbonara-Sauce-1528258,0.0,0.0,0.0,0.0,1,0.0,1,0.0,0.0,0.0,0.0,0.0
79,Easy-Italian-Shrimp-Tortellini-Bake-1023622,0.0,0.0,0.0,0.0,1,0.0,1,0.0,0.0,0.0,0.0,0.0
80,Tuna-and-tomato-pasta-349689,0.0,0.0,0.0,0.0,1,0.0,1,0.0,0.0,0.0,0.0,0.0
81,Pasta-with-Baby-Spinach_-Tomatoes-and-Italian-Sausage-1384064,0.0,0.0,0.0,0.0,1,0.0,1,0.0,0.0,0.0,0.0,0.0
82,Mozzarella-Stuffed-Italian-Mini-Meatloaves-749616,0.0,0.0,0.0,0.0,1,0.0,1,0.0,0.0,0.0,0.0,0.0
83,Rich-and-Creamy-Tomato-Basil-Pasta-1579775,0.0,0.0,0.0,0.0,1,0.0,1,0.0,0.0,0.0,0.0,0.0
84,Creamy-braised-chicken-with-pappardelle-307900,0.0,0.0,0.0,0.0,1,0.0,1,0.0,0.0,0.0,0.0,0.0
85,Slow-Cooker-Spinach-Alfredo-Lasagna-1519299,0.0,0.0,0.0,0.0,1,0.0,1,0.0,0.0,0.0,0.0,0.0
86,Sausage-and-Ricotta-Pizza-1617390,0.0,0.0,0.0,0.0,1,0.0,1,0.0,0.0,0.0,0.0,0.0
87,Easy-Spinach-and-Tomato-Tortellini-1283088,0.0,0.0,0.0,0.0,1,0.0,1,0.0,0.0,0.0,0.0,0.0
88,Sausage-and-Mushroom-Stromboli-684603,0.0,0.0,0.0,0.0,1,0.0,1,0.0,0.0,0.0,0.0,0.0
89,Slow-Cooker-Lasagna-1452249,0.0,0.0,0.0,0.0,1,0.0,1,0.0,0.0,0.0,0.0,0.0
90,Spinach-and-Cheese-Stuffed-Shells-759097,0.0,0.0,0.0,0.0,1,0.0,1,0.0,0.0,0.0,0.0,0.0
91,_Easy-Anytime-Dinner_-Chicken-Marsala-571533,0.0,0.0,0.0,0.0,1,0.0,1,0.0,0.0,0.0,0.0,0.0
92,Italian-Rice-Bake-1233151,0.0,0.0,0.0,0.0,1,0.0,1,0.0,0.0,0.0,0.0,0.0
93,Spaghetti-Aglio-e-Olio-1595758,0.0,0.0,0.0,0.0,1,0.0,1,0.0,0.0,0.0,0.0,0.0
94,Chicken-Fettuccine-Alfredo-1561771,0.0,0.0,0.0,0.0,1,0.0,1,0.0,0.0,0.0,0.0,0.0
95,Stuffed-Pasta-Shells-TasteOfHome,0.0,0.0,0.0,0.0,1,0.0,1,0.0,0.0,0.0,0.0,0.0
96,Spinach-Lasagna-Roll-Ups-963924,0.0,0.0,0.0,0.0,1,1.0,1,0.0,0.0,0.0,0.0,0.0
97,Baked-Mozzarella-and-Pesto-Chicken-1120461,0.0,0.0,0.0,0.0,1,0.0,1,0.0,0.0,0.0,0.0,0.0
98,Gnocchi-with-Kale-Martha-Stewart-194467,0.0,0.0,0.0,0.0,1,0.0,1,0.0,0.0,0.0,0.0,0.0
99,Baked-Gnocchi-with-Spinach-and-Prosciutto-1407497,0.0,0.0,0.0,0.0,1,0.0,1,0.0,0.0,0.0,0.0,0.0
100,Pork-Saltimbocca-1617119,0.0,0.0,0.0,0.0,1,0.0,1,0.0,0.0,0.0,0.0,0.0
101,Italian-Sausage_-Peppers_-And-Onions-Allrecipes,0.0,0.0,0.0,0.0,1,0.0,1,0.0,0.0,0.0,0.0,0.0
102,Italian-Bowtie-Meatball-Stew-757837,0.0,0.0,0.0,0.0,1,0.0,1,0.0,0.0,0.0,0.0,0.0
103,Chicken-Piccata-456666,0.0,0.0,0.0,0.0,1,0.0,1,0.0,0.0,0.0,0.0,0.0
104,Chicken-Pasta-Carbonara-483253,0.0,0.0,0.0,0.0,1,0.0,1,0.0,0.0,0.0,0.0,0.0
105,Light-BBQ-Chicken-Pizza-499580,0.0,0.0,0.0,0.0,1,0.0,1,0.0,0.0,0.0,0.0,0.0
106,White-wine-spaghetti-with-bacon-and-parmesan-369084,0.0,0.0,0.0,0.0,1,0.0,1,0.0,0.0,0.0,0.0,0.0
107,White-Cheese-Chicken-Lasagna-Allrecipes,0.0,0.0,0.0,0.0,1,1.0,1,0.0,0.0,0.0,0.0,0.0
108,Chicken-Cacciatore-1679651,0.0,0.0,0.0,0.0,1,0.0,1,0.0,0.0,0.0,0.0,0.0
109,Linguine-with-Two-Cheese-Sauce-470574,0.0,0.0,0.0,0.0,1,0.0,1,0.0,0.0,0.0,0.0,0.0
110,Linguine-With-Sun-Dried-Tomatoes-MyRecipes-246862,0.0,0.0,0.0,0.0,1,0.0,1,0.0,0.0,0.0,0.0,0.0
111,Chicken-Parmesan-1163529,0.0,0.0,0.0,0.0,1,0.0,1,0.0,0.0,0.0,0.0,0.0
112,Penne-pasta-with-tomato_-herb_-and-feta-no-cook-pasta-sauce-309413,0.0,0.0,0.0,0.0,1,0.0,1,0.0,0.0,0.0,0.0,0.0
113,Balsamic-Chicken-Martha-Stewart-195584,0.0,0.0,0.0,0.0,1,0.0,1,0.0,0.0,0.0,0.0,0.0
114,Seafood-linguine-297394,0.0,0.0,0.0,0.0,1,0.0,1,0.0,0.0,0.0,0.0,1.0
115,VELVEETA-Easy-Chicken-Primavera-1080702,0.0,0.0,0.0,0.0,1,0.0,1,0.0,0.0,0.0,0.0,0.0
116,Pasta-with-potatoes-and-rocket-307109,0.0,0.0,0.0,0.0,1,0.0,1,0.0,0.0,0.0,1.0,0.0
117,Cheesy_-Beefy-Stuffed-Shells-1109886,0.0,0.0,0.0,0.0,1,0.0,1,0.0,0.0,0.0,0.0,0.0
118,Spaghetti-Carbonara-480853,0.0,0.0,0.0,0.0,1,0.0,1,0.0,0.0,0.0,0.0,0.0
119,Spicy-Shrimp-Pasta-in-Garlic-Tomato-Cream-Sauce-979633,0.0,0.0,0.0,0.0,1,0.0,1,0.0,0.0,0.0,0.0,0.0
120,Spaghetti-With-Kale-And-Walnut-Pesto-1054960,0.0,0.0,0.0,0.0,1,0.0,1,0.0,0.0,0.0,0.0,0.0
121,Lasagna-with-pink-sauce-303393,0.0,0.0,0.0,0.0,1,0.0,1,0.0,0.0,0.0,0.0,0.0
122,Pizza-Casserole-471239,0.0,0.0,0.0,0.0,1,1.0,1,0.0,0.0,0.0,0.0,0.0
123,Easy-Lasagna-Recipe-with-Gnocchi-682666,0.0,0.0,0.0,0.0,1,0.0,1,0.0,0.0,0.0,0.0,0.0
124,Sweet-Pepper-Sausage-Italian-One-Pot-Meal-1663092,0.0,0.0,0.0,0.0,1,0.0,1,0.0,0.0,0.0,0.0,0.0
125,Amatriciana-Sauce-747837,0.0,0.0,0.0,0.0,1,0.0,1,0.0,0.0,0.0,0.0,0.0
126,Pesto-tomato-ravioli-364991,0.0,0.0,0.0,0.0,1,1.0,1,0.0,0.0,0.0,0.0,0.0
127,Eggplant-Ricotta-Bake-Martha-Stewart,0.0,0.0,0.0,0.0,1,0.0,1,0.0,0.0,0.0,0.0,0.0
128,Potato-Gnocchi-Simply-Recipes-43021,0.0,0.0,0.0,0.0,1,0.0,1,0.0,0.0,0.0,0.0,0.0
129,BLT-Pasta-with-Garlic-Toast-Bread-Crumbs-1168864,0.0,0.0,0.0,0.0,1,0.0,1,0.0,0.0,0.0,0.0,0.0
130,Spaghetti-With-Garlic_-Pangrattato-And-Olive-Oil-1046851,0.0,0.0,0.0,0.0,1,0.0,1,0.0,0.0,0.0,0.0,0.0
131,Cheesy-Sausage-Tortellini-762206,0.0,0.0,0.0,0.0,1,0.0,1,0.0,0.0,0.0,0.0,0.0
132,Easy-creamy-chicken-alfredo-365486,0.0,0.0,0.0,0.0,1,0.0,1,0.0,0.0,0.0,0.0,0.0
133,Italian-Country-Style-Ribs-Allrecipes,0.0,0.0,0.0,0.0,1,0.0,1,0.0,0.0,0.0,0.0,0.0
134,Pizza-Baked-Spaghetti-1545065,0.0,0.0,0.0,0.0,1,0.0,1,0.0,0.0,0.0,0.0,0.0
135,Baked-Rigatoni-Martha-Stewart_1,0.0,0.0,0.0,0.0,1,0.0,1,0.0,0.0,0.0,0.0,0.0
136,Prosciutto-mozza-pizza-341023,0.0,0.0,0.0,0.0,1,0.0,1,0.0,0.0,0.0,0.0,0.0
137,White-Cheese-Chicken-Lasagna-1607710,0.0,0.0,0.0,0.0,1,1.0,1,0.0,0.0,0.0,0.0,0.0
138,Italian-Beef-1257605,0.0,0.0,0.0,0.0,1,0.0,1,0.0,0.0,0.0,0.0,0.0
139,Penne-with-Tuna-and-Spicy-Mustard-1019430,0.0,0.0,0.0,0.0,1,0.0,1,0.0,0.0,0.0,0.0,0.0
140,Linguine-and-Clam-Sauce-474846,0.0,0.0,0.0,0.0,1,0.0,1,0.0,0.0,0.0,0.0,0.0
141,Laura_s-Unbelievable-Chicken-And-Pasta-Allrecipes,0.0,0.0,0.0,0.0,1,1.0,1,0.0,0.0,0.0,0.0,0.0
142,Healthy-Pesto-Baked-Rigatoni-601236,0.0,0.0,0.0,0.0,1,0.0,1,0.0,0.0,0.0,0.0,0.0
143,Grandma_s-Gnocchi-Allrecipes,0.0,0.0,0.0,0.0,1,0.0,1,0.0,0.0,0.0,0.0,0.0
144,Tortellini-and-Zucchini-Alla-Arrabiata-922547,0.0,0.0,0.0,0.0,1,0.0,1,0.0,0.0,0.0,0.0,0.0
145,Easy-Chicken-Cacciatore-1640553,0.0,0.0,0.0,0.0,1,0.0,1,0.0,0.0,0.0,0.0,0.0
146,Veal-Piccata-471987,0.0,0.0,0.0,0.0,1,0.0,1,0.0,0.0,0.0,0.0,0.0
147,Shrimp-Scampi-Pasta-1201913,0.0,0.0,0.0,0.0,1,0.0,1,0.0,0.0,0.0,0.0,0.0
148,Lasagna-Stuffed-Shells-1564988,0.0,0.0,0.0,0.0,1,0.0,1,0.0,0.0,0.0,0.0,0.0
149,Old-Italian-Meat-Sauce-Allrecipes,0.0,0.0,0.0,0.0,1,0.0,1,0.0,0.0,0.0,0.0,0.0
150,Speedy-Spaghetti-with-Anchovy_-Chilli-and-Avocado-1581340,0.0,0.0,0.0,0.0,1,0.0,1,0.0,0.0,0.0,0.0,0.0
151,Cheesy-Ravioli-Lasagna-1624184,0.0,0.0,0.0,0.0,1,0.0,1,0.0,0.0,0.0,0.0,0.0
152,Crockpot-Lasagna-1496022,0.0,0.0,0.0,0.0,1,0.0,1,0.0,0.0,0.0,0.0,0.0
153,Layered-Ratatouille-643590,0.0,0.0,0.0,1.0,1,0.0,1,0.0,0.0,0.0,0.0,0.0
154,Maria_s-Italian-Meatballs-793057,0.0,0.0,0.0,0.0,1,0.0,1,0.0,0.0,0.0,0.0,0.0
155,Tortellini-with-Italian-Sausage-_-Broccoli-1201337,0.0,0.0,0.0,0.0,1,0.0,1,0.0,0.0,0.0,0.0,0.0
156,White-Beans-and-Sausage-Simply-Recipes-42933,0.0,0.0,0.0,0.0,1,0.0,1,0.0,0.0,0.0,0.0,0.0
157,Healthy-Spinach-Lasagna-Rolls-977988,0.0,0.0,0.0,0.0,1,0.0,1,0.0,0.0,0.0,0.0,0.0
158,Bucatini-with-spicy-shrimp_-arugula_-and-breadcrumbs-344525,0.0,0.0,0.0,0.0,1,0.0,1,0.0,0.0,0.0,0.0,0.0
159,Garlic-Butter-Gnocchi-1071424,0.0,0.0,0.0,0.0,1,0.0,1,0.0,0.0,0.0,0.0,0.0
160,Baked-Ziti-Casserole-AllRecipes-38202,0.0,0.0,0.0,0.0,1,1.0,1,0.0,0.0,0.0,0.0,0.0
161,The-Best-Spaghetti-Casserole-Allrecipes,0.0,0.0,0.0,0.0,1,1.0,1,0.0,0.0,0.0,0.0,0.0
162,ItalianSausageandPenneBake-1091185,0.0,0.0,0.0,0.0,1,0.0,1,0.0,0.0,0.0,0.0,0.0
163,Italian-Eggplant-Ricotta-Bake-1204930,0.0,0.0,0.0,0.0,1,0.0,1,0.0,0.0,0.0,0.0,0.0
164,Quick-Chicken-Parmesan-Allrecipes,0.0,0.0,0.0,0.0,1,1.0,1,0.0,0.0,0.0,0.0,0.0
165,Creamy-Spinach-and-Mushroom-Lasagna-1047688,0.0,0.0,0.0,0.0,1,0.0,1,0.0,0.0,0.0,0.0,0.0
166,Our-Famous-Rigatoni-D-1022310,0.0,0.0,0.0,0.0,1,0.0,1,0.0,0.0,0.0,0.0,0.0
167,Cheesy-Italian-Meatloaf-1347924,0.0,0.0,0.0,0.0,1,1.0,1,0.0,0.0,0.0,0.0,0.0
168,Fettuccine-Alfredo-1511537,0.0,0.0,0.0,0.0,1,0.0,1,0.0,0.0,0.0,0.0,0.0
169,Meatballs-With-Risoni-1586122,0.0,0.0,0.0,0.0,1,0.0,1,0.0,0.0,0.0,0.0,0.0
170,Ratatouille-1039980,0.0,0.0,0.0,1.0,1,0.0,1,0.0,0.0,0.0,0.0,0.0
171,Sole-piccata-336163,0.0,0.0,0.0,0.0,1,0.0,1,0.0,0.0,0.0,0.0,0.0
172,Linguine-with-Clams-765256,0.0,0.0,0.0,0.0,1,0.0,1,0.0,0.0,0.0,0.0,0.0
173,Chickpea-_-Baby-Portobello-Mushroom-Marsala-Over-Creamy-Polenta-1666810,0.0,0.0,0.0,0.0,1,0.0,1,0.0,0.0,0.0,0.0,0.0
174,Spaghetti-with-Garlic-and-Olive-Oil-1455354,0.0,0.0,0.0,0.0,1,0.0,1,0.0,0.0,0.0,0.0,0.0
175,Mushroom-kale-lasagna-rolls-352529,0.0,0.0,0.0,0.0,1,0.0,1,0.0,0.0,0.0,0.0,0.0
176,World_s-Best-Lasagna-1700143,0.0,0.0,0.0,0.0,1,1.0,1,0.0,0.0,0.0,0.0,0.0
177,Italian-Stuffed-Shells-Freezer-Meal-1041459,0.0,0.0,0.0,0.0,1,0.0,1,0.0,0.0,0.0,0.0,0.0
178,Easy-One-Pot-Lasagna-970445,0.0,0.0,0.0,0.0,1,1.0,1,0.0,0.0,0.0,0.0,0.0
179,Pasta-with-Ricotta-and-Bottarga-Martha-Stewart-192854,0.0,0.0,0.0,0.0,1,0.0,1,0.0,0.0,0.0,0.0,0.0
180,Best-Vegetarian-Zucchini-Lasagna-1180580,0.0,0.0,0.0,0.0,1,0.0,1,0.0,0.0,0.0,0.0,0.0
181,Italian-Parmesan-Chicken-1213508,0.0,0.0,0.0,0.0,1,0.0,1,0.0,0.0,0.0,0.0,0.0
182,Tomato-Pesto-Chicken-1093768,0.0,0.0,0.0,0.0,1,0.0,1,0.0,0.0,0.0,0.0,0.0
183,Gnocchi-casserole-336989,0.0,0.0,0.0,0.0,1,1.0,1,0.0,0.0,0.0,0.0,0.0
184,Skinny-Veggie-Lasagna-499656,0.0,0.0,0.0,0.0,1,0.0,1,0.0,0.0,0.0,0.0,0.0
185,15-Minute-Cheesy-Italian-Pasta-Skillet-1273173,0.0,0.0,0.0,0.0,1,0.0,1,0.0,0.0,0.0,0.0,0.0
186,Italian-Stuffed-Chicken-Breast-1192063,0.0,0.0,0.0,0.0,1,0.0,1,0.0,0.0,0.0,0.0,0.0
187,Lighter-eggplant-parmesan-352015,0.0,0.0,0.0,0.0,1,0.0,1,0.0,0.0,0.0,0.0,0.0
188,Sicilian-Pizza-Dough-1055462,0.0,0.0,0.0,0.0,1,0.0,1,0.0,0.0,0.0,0.0,0.0
189,Baked-Ziti-1379302,0.0,0.0,0.0,0.0,1,0.0,1,0.0,0.0,0.0,0.0,0.0
190,Chicken-and-Broccoli-Penne-Alfredo-1077841,0.0,0.0,0.0,0.0,1,0.0,1,0.0,0.0,0.0,0.0,0.0
191,Penne-With-Parmesan-Cream-And-Prosciutto-Epicurious,0.0,0.0,1.0,0.0,1,0.0,1,0.0,0.0,0.0,0.0,0.0
192,Zucchini-ricotta-gnocchi-373425,0.0,0.0,0.0,0.0,1,0.0,1,0.0,0.0,0.0,0.0,0.0
193,Drunken-Spaghetti-_Red-Wine-Spaghetti_-with-Olives_-Capers_-and-Shaved-Parmesan-1485169,0.0,0.0,0.0,0.0,1,0.0,1,0.0,0.0,0.0,0.0,0.0
194,Red-Pepper-and-Fresh-Mozzarella-Lasagna-769467,0.0,0.0,0.0,0.0,1,0.0,1,0.0,0.0,0.0,0.0,0.0
195,Chicken-Cacciatore-1057551,0.0,0.0,0.0,0.0,1,0.0,1,0.0,0.0,0.0,0.0,0.0
196,Pesto-risotto-with-roasted-zucchini-334683,0.0,0.0,0.0,0.0,1,0.0,1,0.0,0.0,0.0,0.0,0.0
197,Ricotta-And-Spinach-Cannelloni-611027,0.0,0.0,0.0,0.0,1,0.0,1,0.0,0.0,0.0,0.0,0.0
198,Baked-Chicken-Parmesan-1637363,0.0,0.0,0.0,0.0,1,0.0,1,0.0,0.0,0.0,0.0,0.0
199,Peposo-_Peppery-Tuscan-Beef-Stew_-1009845,0.0,0.0,0.0,0.0,1,0.0,1,0.0,0.0,0.0,0.0,0.0
200,Fettuccine-with-Creamy-Tomato-Italian-Sausage-Sauce-Simply-Recipes-42706,0.0,0.0,0.0,0.0,1,0.0,1,0.0,0.0,0.0,0.0,0.0
201,Crock-Pot-Creamy-Italian-Chicken-1297303,0.0,0.0,0.0,0.0,1,0.0,1,0.0,0.0,0.0,0.0,0.0
202,Pappardelle-With-Mushroom-Ragu-_pappardelle-Con-Misto-Di-Funghi_-1632506,0.0,0.0,0.0,0.0,1,0.0,1,0.0,0.0,0.0,0.0,0.0
203,Shrimp-Puttanesca-1175223,0.0,0.0,0.0,0.0,1,0.0,1,0.0,0.0,0.0,0.0,0.0
204,Recipe-for-Whole-Wheat-Spaghetti-with-No-Cook-Sauce-of-Tomatoes_-Arugula_-Olives_-and-Capers-1020100,0.0,0.0,0.0,0.0,1,0.0,1,0.0,0.0,0.0,0.0,0.0
205,Crock-pot-Lasagna-975000,0.0,0.0,0.0,0.0,1,1.0,1,0.0,0.0,0.0,0.0,0.0
206,Crockpot-Creamy-Italian-Chicken-1005177,0.0,0.0,0.0,0.0,1,1.0,1,0.0,0.0,0.0,0.0,0.0
207,Baked-spaghetti-364963,0.0,0.0,0.0,0.0,1,0.0,1,0.0,0.0,0.0,0.0,0.0
208,Chicken-Alfredo-Lasagna-999542,0.0,0.0,0.0,0.0,1,0.0,1,0.0,0.0,0.0,0.0,0.0
209,Barley-risotto-with-beans-and-greens-305457,0.0,0.0,0.0,0.0,1,0.0,1,0.0,0.0,0.0,0.0,0.0
210,Linguini-with-Garlic_-Pepper_-and-Rhubarb-1280561,0.0,0.0,0.0,0.0,1,0.0,1,0.0,1.0,0.0,0.0,0.0
211,Classic-Italian-Meatballs-1467519,0.0,0.0,0.0,0.0,1,0.0,1,0.0,0.0,0.0,0.0,0.0
212,Ravioli-Lasagna-575090,0.0,0.0,0.0,0.0,1,0.0,1,0.0,0.0,0.0,0.0,0.0
213,Weelicious-baked-ziti-334146,0.0,0.0,0.0,0.0,1,0.0,1,0.0,0.0,0.0,0.0,0.0
214,Italian-Pesto-Grilled-Chicken-1576101,1.0,0.0,0.0,0.0,1,1.0,1,0.0,0.0,1.0,0.0,0.0
215,Baked-Gnocchi-with-Taleggio_-Pancetta-_-Sage-443087,0.0,0.0,0.0,0.0,1,0.0,1,0.0,0.0,0.0,0.0,0.0
216,Chicken-Piccata-Skillet-1077287,0.0,0.0,0.0,0.0,1,0.0,1,0.0,0.0,0.0,0.0,0.0
217,Romantic-Dinner-at-Home-Mussels-Marinara-681131,0.0,0.0,0.0,0.0,1,0.0,1,0.0,0.0,0.0,0.0,0.0
218,Italian-Lasagna-with-Meat-Sauce-1067229,0.0,0.0,0.0,0.0,1,0.0,1,0.0,0.0,0.0,0.0,0.0
219,Olive-Oil-and-Italian-Herb-Roasted-Chicken-with-Carapelli-Olive-Oil-Eat-at-Home-198350,0.0,0.0,0.0,0.0,1,0.0,1,0.0,0.0,0.0,1.0,0.0
220,Ravioli-Lasagna_-684774,0.0,0.0,0.0,0.0,1,0.0,1,0.0,0.0,0.0,0.0,0.0
221,Super-Simple-Mac-_-Cheese-Italian-Style-1260988,0.0,0.0,0.0,0.0,1,0.0,1,0.0,0.0,0.0,0.0,0.0
222,Red-Pepper-Basil-Raviolettis-963241,0.0,0.0,0.0,0.0,1,0.0,1,0.0,0.0,0.0,0.0,0.0
223,Linguine-with-creamy-clam-sauce-368986,0.0,0.0,0.0,0.0,1,0.0,1,0.0,0.0,0.0,0.0,0.0
224,Spaghetti-with-Garlic-and-Oil-Martha-Stewart-239183,0.0,0.0,0.0,0.0,1,0.0,1,0.0,0.0,0.0,0.0,0.0
225,Gluten-Free-Quinoa-Pizza-Crust-and-Vegan-Pizza-768412,0.0,0.0,0.0,0.0,1,0.0,1,0.0,0.0,0.0,0.0,0.0
226,Polenta-with-spring-vegetable-ragout-351257,0.0,0.0,0.0,0.0,1,0.0,1,0.0,1.0,0.0,0.0,0.0
227,Italian-Gnocchi-1290367,0.0,0.0,0.0,0.0,1,0.0,1,0.0,0.0,0.0,0.0,0.0
228,Beef-and-sausage-meatballs-in-tomato-sauce-310041,0.0,0.0,0.0,0.0,1,0.0,1,0.0,0.0,0.0,0.0,0.0
229,Linguine-puttanesca-with-chickpeas-310162,0.0,0.0,0.0,0.0,1,0.0,1,0.0,0.0,0.0,0.0,0.0
230,Primavera-pizza-298103,0.0,0.0,0.0,0.0,1,0.0,1,0.0,0.0,0.0,0.0,0.0
231,Italian-Sausage-Tortellini-1068025,0.0,0.0,0.0,0.0,1,0.0,1,0.0,0.0,0.0,0.0,0.0
232,Italian-Hungry-Man_s-Quiche-772366,0.0,0.0,0.0,0.0,1,0.0,1,0.0,0.0,0.0,0.0,0.0
233,Alice-waters_-whole-wheat-pasta-with-tomato-vinaigrette-302580,0.0,0.0,0.0,0.0,1,0.0,1,0.0,0.0,0.0,0.0,0.0
234,Easy-fettuccine-primavera-296530,0.0,0.0,0.0,0.0,1,0.0,1,0.0,0.0,0.0,0.0,0.0
235,One-Pot-Delicious-Pasta-with-Creamy-Rosee-Sauce-I-Adore-Food_-198237,0.0,0.0,0.0,0.0,1,0.0,1,0.0,0.0,0.0,0.0,0.0
236,Pull-Apart-Pizza-Rolls-1620204,0.0,0.0,0.0,0.0,1,0.0,1,0.0,0.0,0.0,0.0,0.0
237,Chicken-Marinara-Simply-Recipes-43064,0.0,0.0,0.0,0.0,1,0.0,1,0.0,0.0,0.0,0.0,0.0
238,Easy-brown-rice-casserole-with-turkey-italian-sausage-and-green-bell-pepper-309290,0.0,0.0,0.0,0.0,1,0.0,1,0.0,0.0,0.0,0.0,0.0
239,Penne-With-Artichokes-680833,0.0,0.0,0.0,0.0,1,0.0,1,0.0,0.0,0.0,0.0,0.0
240,Gnocchi-With-Peas-1004859,0.0,0.0,0.0,0.0,1,0.0,1,0.0,0.0,0.0,0.0,0.0
241,Authentic-Italian-Easy-Pizza-Crust-Video-1416083,0.0,1.0,0.0,0.0,1,0.0,1,0.0,0.0,0.0,0.0,0.0
242,Pasta-with-hot-italian-sausage_-kale_-garlic_-and-red-pepper-flakes-309279,0.0,0.0,0.0,0.0,1,0.0,1,0.0,0.0,0.0,0.0,0.0
243,Lasagna-Martha-Stewart-195398,0.0,0.0,0.0,0.0,1,0.0,1,0.0,0.0,0.0,0.0,0.0
244,Garlic-Parmesan-Chicken-Lasagna-Bake-757530,0.0,0.0,0.0,0.0,1,0.0,1,0.0,0.0,0.0,0.0,0.0
245,Penne-with-Ricotta-and-Asparagus-Simply-Recipes-42982,0.0,0.0,0.0,0.0,1,0.0,1,0.0,0.0,0.0,0.0,0.0
246,Everything-Pasta-Dinner-1418172,0.0,0.0,0.0,0.0,1,0.0,1,0.0,0.0,0.0,0.0,0.0
247,Tuscan-Garlic-Chicken-1180438,0.0,0.0,0.0,0.0,1,0.0,1,0.0,0.0,0.0,0.0,0.0
248,Braised-Chicken-Cacciatore-1637412,0.0,0.0,0.0,0.0,1,0.0,1,0.0,0.0,0.0,0.0,0.0
249,Lasagna-1012776,0.0,0.0,0.0,0.0,1,0.0,1,0.0,0.0,0.0,0.0,0.0
250,Easy-Lasagna-Freezer-Meal-1250292,0.0,0.0,0.0,0.0,1,0.0,1,0.0,0.0,0.0,0.0,0.0
251,Chicken-Mozzarella-Pasta-with-Sun-Dried-Tomatoes-1621935,0.0,0.0,0.0,0.0,1,0.0,1,0.0,0.0,0.0,0.0,0.0
252,Cauliflower-Crust-Pizza-592451,0.0,0.0,0.0,0.0,1,0.0,1,0.0,0.0,0.0,0.0,0.0
253,Creamy-Pasta-Marinara-1231036,0.0,0.0,0.0,0.0,1,0.0,1,0.0,0.0,0.0,0.0,0.0
254,Italian-Sausage-Penne-1629694,0.0,0.0,0.0,0.0,1,0.0,1,0.0,0.0,0.0,0.0,0.0
255,Italian-Crockpot-Chicken-1022738,0.0,0.0,0.0,0.0,1,0.0,1,0.0,0.0,0.0,0.0,0.0
256,Broccoli-Rabe-with-Pasta-and-Sun-Dried-Tomatoes-Simply-Recipes-198276,0.0,0.0,0.0,0.0,1,0.0,1,0.0,0.0,0.0,0.0,0.0
257,Chicago-Style-Deep-Dish-Pizza-1031653,0.0,0.0,0.0,0.0,1,0.0,1,0.0,0.0,0.0,0.0,0.0
258,Garlic-Parsley-Spaghetti-TasteOfHome,0.0,0.0,0.0,0.0,1,0.0,1,0.0,0.0,0.0,0.0,0.0
259,Vegan-Risotto-with-Asparagus-and-Mushrooms-1594099,0.0,0.0,0.0,0.0,1,0.0,1,0.0,0.0,0.0,0.0,0.0
260,Spaghetti-alla-Carbonara-1354434,0.0,0.0,0.0,0.0,1,0.0,1,0.0,0.0,0.0,0.0,0.0
261,Bucatini-Alla-Matriciana-511529,0.0,0.0,0.0,0.0,1,0.0,1,0.0,0.0,0.0,0.0,0.0
262,Pesto-Caprese-Gnocchi-1251380,0.0,0.0,0.0,0.0,1,0.0,1,0.0,0.0,0.0,0.0,0.0
263,Unusual-and-luxurious-carbonara-with-white-truffle-and-duck-breast-Juls_-Kitchen-198166,0.0,0.0,0.0,0.0,1,0.0,1,0.0,0.0,0.0,0.0,0.0
264,Homemade-Italian-Meatballs-1595706,0.0,0.0,0.0,0.0,1,0.0,1,0.0,0.0,0.0,0.0,0.0
265,Whole_Wheat-Pasta-with-Garlic-and-Olive-Oil-Martha-Stewart,0.0,0.0,0.0,0.0,1,0.0,1,0.0,0.0,0.0,0.0,0.0
266,Tomato-Chicken-Parmesan-Allrecipes,0.0,0.0,0.0,0.0,1,1.0,1,0.0,0.0,0.0,0.0,0.0
267,Three-Ingredient-Italian-Sausage-and-Mushroom-Bolognese-1338843,0.0,0.0,0.0,0.0,1,0.0,1,0.0,0.0,0.0,0.0,0.0
268,Meatball-Marinara-Casserole-1585720,0.0,0.0,0.0,0.0,1,0.0,1,0.0,0.0,0.0,0.0,0.0
269,White-Pizza-530178,0.0,0.0,0.0,0.0,1,0.0,1,0.0,0.0,0.0,0.0,0.0
270,_Pasta-nautically-__-No_-In-Italian-1680626,0.0,0.0,0.0,0.0,1,0.0,1,0.0,0.0,0.0,0.0,0.0
271,Healthier-Eggplant-Parmesan-1683581,0.0,0.0,0.0,0.0,1,0.0,1,0.0,0.0,0.0,0.0,0.0
272,Lasagna-Stuffed-Spaghetti-Squash-1620975,0.0,0.0,0.0,0.0,1,0.0,1,0.0,0.0,0.0,0.0,0.0
273,Italian-Pot-Pie-1586046,0.0,0.0,0.0,0.0,1,0.0,1,0.0,0.0,0.0,0.0,0.0
274,Baked-Spaghetti-1324481,0.0,0.0,0.0,0.0,1,0.0,1,0.0,0.0,0.0,0.0,0.0
275,Skillet-Lasagna-471126,0.0,0.0,0.0,0.0,1,0.0,1,0.0,0.0,0.0,0.0,0.0
276,Chicken-Mozzarella-Pasta-1311300,0.0,0.0,0.0,0.0,1,0.0,1,0.0,0.0,0.0,0.0,0.0
277,Italian-sausage-with-bowties-364936,0.0,0.0,0.0,0.0,1,0.0,1,0.0,0.0,0.0,0.0,0.0
278,Slow-Roasted-Tomatoes-and-Garlic-with-Basil-Whole-Wheat-Pasta-and-Parmesan-1534084,0.0,0.0,0.0,0.0,1,0.0,1,0.0,0.0,0.0,0.0,0.0
279,Baked-ricotta-spaghetti-350898,0.0,0.0,0.0,0.0,1,0.0,1,0.0,0.0,0.0,0.0,0.0
280,Sausage-Stuffed-Shells-1626766,0.0,0.0,0.0,0.0,1,0.0,1,0.0,0.0,0.0,0.0,0.0
281,Linguini-with-Beef-Ragu-Sauce-1543891,0.0,0.0,0.0,0.0,1,0.0,1,0.0,0.0,0.0,0.0,0.0
282,Italian-Low-Carb-Shrimp-1061858,0.0,0.0,0.0,0.0,1,0.0,1,0.0,0.0,0.0,0.0,0.0
283,Scarpetta_s-Spaghetti-with-Fresh-Tomato-Sauce-and-Garlic-Basil-Oil-1455265,0.0,0.0,0.0,0.0,1,0.0,1,0.0,0.0,0.0,0.0,0.0
284,Ground-Beef-Pasta-1001133,0.0,0.0,0.0,0.0,1,0.0,1,0.0,0.0,0.0,0.0,0.0
285,Italian-steak-pinwheels-348313,1.0,0.0,0.0,0.0,1,0.0,1,0.0,0.0,0.0,0.0,0.0
286,Mama-DePandi_s-Bucatini-Pomodoro-684519,0.0,0.0,0.0,0.0,1,0.0,1,0.0,0.0,0.0,0.0,0.0
287,Crunchy-Parmesan-Spaghetti-1125644,0.0,0.0,0.0,0.0,1,0.0,1,0.0,0.0,0.0,0.0,0.0
288,Lemon-Basil-Shrimp-Risotto-622215,0.0,0.0,0.0,0.0,1,0.0,1,0.0,0.0,0.0,0.0,0.0
289,Spaghetti-alla-Carbonara-1264266,0.0,0.0,0.0,0.0,1,0.0,1,0.0,0.0,0.0,0.0,0.0
290,Pesto-and-Sundried-Tomato-Pasta-1401253,0.0,0.0,0.0,0.0,1,0.0,1,0.0,0.0,0.0,0.0,0.0
291,Teena_s-Spicy-Pesto-Chicken-And-Pasta-Allrecipes,0.0,0.0,0.0,0.0,1,0.0,1,0.0,0.0,0.0,0.0,0.0
292,One-Pot-Meat-Free-Meal-970011,0.0,0.0,0.0,0.0,1,0.0,1,0.0,0.0,0.0,0.0,0.0
293,Ligurian-Pesto-with-Spaghetti-1579973,0.0,0.0,0.0,0.0,1,0.0,1,0.0,0.0,0.0,0.0,0.0
294,Chicken-Scallopine-1626739,0.0,0.0,0.0,0.0,1,0.0,1,0.0,0.0,0.0,0.0,0.0
295,Ravioli-with-white-wine-butter-sauce-and-asparagus-368936,0.0,0.0,0.0,0.0,1,0.0,1,0.0,0.0,0.0,0.0,0.0
296,Crock-pot-bolognese-sauce-352194,0.0,0.0,0.0,0.0,1,0.0,1,0.0,0.0,0.0,0.0,0.0
297,Baked-Parmesan-Panko-Pork-Chops-634519,0.0,0.0,0.0,0.0,1,0.0,1,0.0,0.0,0.0,0.0,0.0
298,Smokehouse-Bacon-Fettuccine-Alfredo-1513634,0.0,0.0,0.0,0.0,1,0.0,1,0.0,0.0,0.0,0.0,0.0
299,Osso-Buco-Martha-Stewart-196461,0.0,0.0,0.0,0.0,1,0.0,1,0.0,0.0,0.0,0.0,0.0
300,Lasagna-Calzones-599726,0.0,0.0,0.0,0.0,1,1.0,1,0.0,0.0,0.0,0.0,0.0
301,Manicotti-1303244,0.0,0.0,0.0,0.0,1,0.0,1,0.0,0.0,0.0,0.0,0.0
302,Grilled-chicken-florentine-spaghetti-351273,0.0,0.0,0.0,0.0,1,0.0,1,0.0,0.0,0.0,0.0,0.0
303,One-pot-Italian-style-mussels-1530684,0.0,0.0,0.0,0.0,1,0.0,1,0.0,0.0,0.0,0.0,0.0
304,Chicken-Piccata-480553,0.0,0.0,0.0,0.0,1,0.0,1,0.0,0.0,0.0,0.0,0.0
305,Blackened-chicken-pasta-308199,0.0,0.0,0.0,0.0,1,0.0,1,0.0,0.0,0.0,0.0,0.0
306,Marco-Baccanelli-and-Francesca-Barrecas-Cacio-e-Pepe-1568210,0.0,0.0,0.0,0.0,1,0.0,1,0.0,0.0,0.0,0.0,0.0
307,Bolognese-Meat-Sauce-1689437,0.0,0.0,0.0,0.0,1,0.0,1,0.0,0.0,0.0,0.0,0.0
308,Skinny-Lemon-Chicken-Piccata-514702,0.0,0.0,0.0,0.0,1,0.0,1,0.0,0.0,0.0,0.0,0.0
309,Chicken-Parmesan-Casserole-779412,0.0,0.0,0.0,0.0,1,0.0,1,0.0,0.0,0.0,0.0,0.0
310,Carrot-Gnocchi-1180655,0.0,0.0,0.0,0.0,1,0.0,1,0.0,0.0,0.0,0.0,0.0
311,Creamy-linguine-with-mint_-thyme_-and-lemon-357590,0.0,0.0,0.0,0.0,1,0.0,1,0.0,0.0,0.0,0.0,0.0
312,Pesto-Florentine-Campanelle-Pasta-1127248,0.0,0.0,0.0,0.0,1,0.0,1,0.0,0.0,0.0,0.0,0.0
313,Ravioli-with-Italian-Cheese-_-Herb-Cream-Sauce_-Chicken-and-Veggies-1323704,0.0,0.0,0.0,0.0,1,1.0,1,0.0,0.0,0.0,0.0,0.0
314,Simple-and-classic-Linguine-Cacio-e-Pepe-1210171,0.0,0.0,0.0,0.0,1,0.0,1,0.0,0.0,0.0,0.0,0.0
315,Spaghetti-Bolognese-1495270,0.0,0.0,0.0,0.0,1,0.0,1,0.0,0.0,0.0,0.0,0.0
316,Pasta-with-Turkey-Sausage-and-Smoked-Mozzarella-Simply-Recipes-42535,0.0,0.0,0.0,0.0,1,0.0,1,0.0,0.0,0.0,0.0,0.0
317,3-Ingredient-Chicken-Cacciatore-in-the-Slow-Cooker-1533251,0.0,0.0,0.0,0.0,1,1.0,1,0.0,0.0,0.0,0.0,0.0
318,Parmesan-Crock-Pot-Italian-Chicken-1288430,0.0,0.0,0.0,0.0,1,0.0,1,0.0,0.0,0.0,0.0,0.0
319,Italian-Ranch-Chicken-Strips-TasteOfHome,0.0,0.0,0.0,0.0,1,0.0,1,0.0,0.0,0.0,0.0,0.0
320,Low-Calorie-Lasagna-999920,0.0,0.0,0.0,0.0,1,0.0,1,0.0,0.0,0.0,0.0,0.0
321,Italian-Seasoned-Chicken-And-Fettuccine-Allrecipes,0.0,0.0,0.0,0.0,1,0.0,1,0.0,0.0,0.0,0.0,0.0
322,Spinach-Pesto-Polenta-with-Smoky-Chickpeas-1628175,0.0,0.0,0.0,0.0,1,0.0,1,0.0,0.0,0.0,0.0,0.0
323,Pasta-Alla-Gricia-1043433,0.0,0.0,0.0,0.0,1,0.0,1,0.0,0.0,0.0,0.0,0.0
324,One-Pan-Baked-Ziti-1171763,0.0,0.0,0.0,0.0,1,0.0,1,0.0,0.0,0.0,0.0,0.0
325,Spaghetti-Carbonara-1426848,0.0,0.0,0.0,0.0,1,0.0,1,0.0,0.0,0.0,0.0,0.0
326,Chicken-parmesan-stromboli-296452,0.0,0.0,0.0,0.0,1,1.0,1,0.0,0.0,0.0,0.0,0.0
327,Eggplant-Pizza-1690887,0.0,0.0,0.0,0.0,1,0.0,1,0.0,0.0,0.0,0.0,0.0
328,Tomato_-Chilli-_-Basil-butter-Risotto-1165439,0.0,0.0,0.0,0.0,1,0.0,1,0.0,0.0,0.0,0.0,0.0
329,Spaghetti-with-Three_Tomato-Sauce-Martha-Stewart,0.0,0.0,0.0,0.0,1,0.0,1,0.0,0.0,0.0,0.0,0.0
330,Tomato-and-mozzarella-risotto-343622,0.0,0.0,0.0,0.0,1,0.0,1,0.0,0.0,0.0,0.0,0.0
331,Chicken-Tetrazzini-1012954,0.0,0.0,0.0,0.0,1,1.0,1,0.0,0.0,0.0,0.0,0.0
332,Rigatoni-wtih-Sausage_-Peas_-Tomatoes-and-Cream-1014152,0.0,0.0,0.0,0.0,1,0.0,1,0.0,0.0,0.0,0.0,0.0
333,Spaghetti-With-Garlic-And-Basil-Allrecipes,0.0,0.0,0.0,0.0,1,0.0,1,0.0,0.0,0.0,0.0,0.0
334,One-Pot-Shrimp-Parmesan-Pasta-1056557,0.0,0.0,0.0,0.0,1,0.0,1,0.0,0.0,0.0,0.0,0.0
335,Parma-Rosa-Baked-Ziti-1573585,0.0,0.0,0.0,0.0,1,0.0,1,0.0,0.0,0.0,0.0,0.0
336,Fresh-Fettuccine-Alfredo-1455897,0.0,0.0,0.0,0.0,1,0.0,1,0.0,0.0,0.0,0.0,0.0
337,Tuscan-Keto-Chicken-1596952,1.0,0.0,0.0,0.0,1,0.0,1,0.0,0.0,0.0,0.0,0.0
338,Chicken-penne-casserole-309973,0.0,0.0,0.0,0.0,1,1.0,1,0.0,0.0,0.0,0.0,0.0
339,Easy-Ravioli-Lasagna-1258125,0.0,0.0,0.0,0.0,1,0.0,1,0.0,0.0,0.0,0.0,0.0
340,Italian-Sausage-and-Basil-Pesto-Penne-1677860,0.0,0.0,0.0,0.0,1,0.0,1,0.0,0.0,0.0,0.0,0.0
341,Cheesy-Stuffed-Shells-1050158,0.0,0.0,0.0,0.0,1,0.0,1,0.0,0.0,0.0,0.0,0.0
342,Italian-Baked-Chicken-1041623,0.0,0.0,0.0,0.0,1,0.0,1,0.0,0.0,0.0,0.0,0.0
343,Italian-BBQ-Ranch-Grilled-Chicken-1302149,1.0,0.0,0.0,0.0,1,1.0,1,0.0,0.0,0.0,0.0,0.0
344,Tender-Italian-Baked-Chicken-Allrecipes,0.0,0.0,0.0,0.0,1,1.0,1,0.0,0.0,0.0,0.0,0.0
345,Cannelloni-with-Tomato-Eggplant-Sauce-1677692,0.0,0.0,0.0,0.0,1,0.0,1,0.0,0.0,0.0,0.0,0.0
346,Easy-Skillet-Chicken-Parmesan-1094644,0.0,0.0,0.0,0.0,1,0.0,1,0.0,0.0,0.0,0.0,0.0
347,Roasted-Red-Pepper-Pasta-Sauce-Simply-Recipes-42489,0.0,0.0,0.0,0.0,1,0.0,1,0.0,0.0,0.0,0.0,0.0
348,Creamy-Avocado-and-Spinach-Pasta-978892,0.0,0.0,0.0,0.0,1,0.0,1,0.0,0.0,0.0,0.0,0.0
349,FRESH-TAGLIATELLE-WITH-GARLIC_-RUCOLA-_-SUNDRIED-TOMATOES-1358118,0.0,0.0,0.0,0.0,1,0.0,1,0.0,0.0,0.0,0.0,0.0
350,Eggplant-Lasagna-1574166,0.0,0.0,0.0,0.0,1,0.0,1,0.0,0.0,0.0,0.0,0.0
351,Spaghetti-AllUbriaco-_Drunken-Spaghetti_-792217,0.0,0.0,0.0,0.0,1,0.0,1,0.0,0.0,0.0,0.0,0.0
352,Italian-Crescent-Bake-1118150,0.0,0.0,0.0,0.0,1,1.0,1,0.0,0.0,0.0,0.0,0.0
353,Cheese-ravioli-with-pesto_-red-peppers-and-grilled-chicken-365051,0.0,0.0,0.0,0.0,1,0.0,1,0.0,0.0,0.0,0.0,0.0
354,Tallarines-verdes_-Peruvian-style-pesto-556777,0.0,0.0,0.0,0.0,1,0.0,1,1.0,0.0,0.0,0.0,0.0
355,Baked-Artichoke-Risotto-with-Radicchio-979266,0.0,0.0,0.0,0.0,1,0.0,1,0.0,0.0,0.0,0.0,0.0
356,Easiest-Lasagna-Ever-1555789,0.0,0.0,0.0,0.0,1,0.0,1,0.0,0.0,0.0,0.0,0.0
357,Baked-Beef-Ziti-899694,0.0,0.0,0.0,0.0,1,0.0,1,0.0,0.0,0.0,0.0,0.0
358,Baked-Gnocchi-in-Marinara-1185546,0.0,0.0,0.0,0.0,1,0.0,1,0.0,0.0,0.0,0.0,0.0
359,Gnocchi-with-Roasted-Cauliflower-and-Pan-Seared-Chicken-1655482,0.0,0.0,0.0,0.0,1,0.0,1,0.0,0.0,0.0,1.0,0.0
360,Chicken-Cacciatore-1598799,0.0,0.0,0.0,0.0,1,0.0,1,0.0,0.0,0.0,0.0,0.0
361,Cheesy-Chicken-Parmesan-Flatbread-Pizza-634393,0.0,0.0,0.0,0.0,1,1.0,1,0.0,0.0,0.0,0.0,0.0
362,Italian-Sauteed-Rosemary-Basil-Chicken-1066817,0.0,0.0,0.0,0.0,1,0.0,1,0.0,0.0,0.0,0.0,0.0
363,Three-Cheese-Italian-Rigatoni-Pie-1636308,0.0,0.0,0.0,0.0,1,0.0,1,0.0,0.0,0.0,0.0,0.0
364,Spaghetti-with-Olive-Oil-and-Garlic-1449948,0.0,0.0,0.0,0.0,1,0.0,1,0.0,0.0,0.0,0.0,0.0
365,Italian-Meat-Loaf-458083,0.0,0.0,0.0,0.0,1,0.0,1,0.0,0.0,0.0,0.0,0.0
366,Baked-Shells-with-Pesto_-Mozzarella_-and-Meat-Sauce-1619792,0.0,0.0,0.0,0.0,1,0.0,1,0.0,0.0,0.0,0.0,0.0
367,Orecchiette-with-Peas_-Pancetta-_-Cream-1024973,0.0,0.0,0.0,0.0,1,0.0,1,0.0,0.0,0.0,0.0,0.0
368,Gnocchi-with-Spring-Herb-Pesto-488647,0.0,0.0,0.0,0.0,1,0.0,1,0.0,1.0,0.0,0.0,0.0
369,South-Your-Mouth-Lasagna-999858,0.0,0.0,0.0,0.0,1,0.0,1,0.0,0.0,0.0,0.0,0.0
370,Thick-_-Chunky-Tomato-Sauce-from-Scratch-440436,0.0,0.0,0.0,0.0,1,0.0,1,0.0,0.0,0.0,0.0,0.0
371,Creamy-Vegan-Mac-and-Cheese-569856,0.0,0.0,0.0,0.0,1,0.0,1,0.0,0.0,0.0,0.0,0.0
372,Fettuccine-alfredo-con-pollo-299090,0.0,0.0,0.0,0.0,1,0.0,1,0.0,0.0,0.0,0.0,0.0
373,Lasagna-Roll-Ups-1230508,0.0,0.0,0.0,0.0,1,0.0,1,0.0,0.0,0.0,0.0,0.0
374,Baked-Spaghetti-Allrecipes_1,0.0,0.0,0.0,0.0,1,1.0,1,0.0,0.0,0.0,0.0,0.0
375,Italian-Stuffed-Chicken-1067647,0.0,0.0,0.0,0.0,1,0.0,1,0.0,0.0,0.0,0.0,0.0
376,Italian-Lasagna-_with-meat_-1635978,0.0,0.0,0.0,0.0,1,0.0,1,0.0,0.0,0.0,0.0,0.0
377,Creamy-Pesto-Gnocchi-With-Green-Beans-And-Ricotta-My-Recipes,0.0,0.0,0.0,0.0,1,0.0,1,0.0,0.0,0.0,0.0,0.0
378,Pasta-with-shrimp-and-feta-cheese-sauce-368689,0.0,0.0,0.0,0.0,1,0.0,1,0.0,0.0,0.0,0.0,0.0
379,Manicotti-Italian-Casserole-Allrecipes,0.0,0.0,0.0,0.0,1,1.0,1,0.0,0.0,0.0,0.0,0.0
380,Wood-Fired-Pizzas-with-Salami-_-Basil-461076,0.0,0.0,0.0,0.0,1,0.0,1,0.0,0.0,0.0,0.0,0.0
381,Ravioli-with-Creamy-Sun-dried-Tomato-and-Basil-Sauce-637711,0.0,0.0,0.0,0.0,1,0.0,1,0.0,0.0,0.0,0.0,0.0
382,Easy-Skinny-Skillet-Lasagna-1680006,0.0,0.0,0.0,0.0,1,0.0,1,0.0,0.0,0.0,0.0,0.0
383,Italian-Dressing-Caramelized-Chicken-1118253,0.0,0.0,0.0,0.0,1,1.0,1,0.0,0.0,0.0,0.0,0.0
384,Pizza-Stuffed-Shells-1288607,0.0,0.0,0.0,0.0,1,0.0,1,0.0,0.0,0.0,0.0,0.0
385,Spaghetti-Carbonara-1057680,0.0,0.0,0.0,0.0,1,0.0,1,0.0,0.0,0.0,0.0,0.0
386,Italian-Shrimp-Scampi-1290319,0.0,0.0,0.0,0.0,1,0.0,1,0.0,0.0,0.0,0.0,0.0
387,Spaghetti-Alla-Carbonara-1244360,0.0,0.0,0.0,0.0,1,0.0,1,0.0,0.0,0.0,0.0,0.0
388,Spaghetti-Alla-Puttanesca-550626,0.0,0.0,0.0,0.0,1,0.0,1,0.0,0.0,0.0,0.0,0.0
389,Gnocchi-With-Pesto_-Green-Beans_-and-Ricotta-1577866,0.0,0.0,0.0,0.0,1,0.0,1,0.0,0.0,0.0,0.0,0.0
390,Skillet-Eggplant-Parmesan-637552,0.0,0.0,0.0,0.0,1,0.0,1,0.0,0.0,0.0,0.0,0.0
391,Deadly-Delicious-Lasagna-Allrecipes,0.0,0.0,0.0,0.0,1,1.0,1,0.0,0.0,0.0,0.0,0.0
392,Spaghetti-with-italian-sausage-and-arugula-309914,0.0,0.0,0.0,0.0,1,0.0,1,0.0,0.0,0.0,0.0,0.0
393,Chicken-Prosciutto-Simply-Recipes-42645,0.0,0.0,0.0,0.0,1,0.0,1,0.0,0.0,0.0,0.0,0.0
394,Skinny-Fettuccine-alfredo-with-spinach-541247,0.0,0.0,0.0,0.0,1,0.0,1,0.0,0.0,0.0,0.0,0.0
395,Lasagna-Formaggio-1115773,0.0,0.0,0.0,0.0,1,0.0,1,0.0,0.0,0.0,0.0,0.0
396,Kick-Ass-Chicken-Lasagna-1099125,0.0,0.0,0.0,0.0,1,1.0,1,0.0,0.0,0.0,0.0,0.0
397,Creamy-chicken-piccata-296957,0.0,0.0,0.0,0.0,1,0.0,1,0.0,0.0,0.0,0.0,0.0
398,Easy-Bruschetta-Linguine-1109473,0.0,0.0,0.0,0.0,1,0.0,1,0.0,0.0,0.0,0.0,0.0
399,Prosciutto-and-Pea-Risotto-1404717,0.0,0.0,0.0,0.0,1,0.0,1,0.0,0.0,0.0,0.0,0.0
400,Chicken-Fettuccine-with-Roasted-Red-Pepper-Cream-Sauce-1631043,0.0,0.0,0.0,0.0,1,0.0,1,0.0,0.0,0.0,0.0,0.0
401,Italian-Macaroni-and-Cheese-1309081,0.0,0.0,0.0,0.0,1,0.0,1,0.0,0.0,0.0,0.0,0.0
402,Parisian-Gnocchi-Souffle-1019409,0.0,0.0,0.0,0.0,1,0.0,1,0.0,0.0,0.0,0.0,0.0
403,Simply-Lasagne-AllRecipes,0.0,0.0,0.0,0.0,1,0.0,1,0.0,0.0,0.0,0.0,0.0
404,Three-Cheese-Lasagna-747640,0.0,0.0,0.0,0.0,1,0.0,1,0.0,0.0,0.0,0.0,0.0
405,Fresh-Angel_Hair-Pasta-with-Bacon-and-Peas-Martha-Stewart,0.0,0.0,0.0,0.0,1,0.0,1,0.0,0.0,0.0,0.0,0.0
406,Triple-garlic-pizza-326982,0.0,0.0,0.0,0.0,1,0.0,1,0.0,0.0,0.0,0.0,0.0
407,Pasta-with-Pesto-Cream-Sauce-1041273,0.0,0.0,0.0,0.0,1,0.0,1,0.0,0.0,0.0,0.0,0.0
408,Gnocchi-With-Sausage-And-Spinach-My-Recipes,0.0,0.0,0.0,0.0,1,0.0,1,0.0,0.0,0.0,0.0,0.0
409,Baked-Tortellini-1085764,0.0,0.0,0.0,0.0,1,0.0,1,0.0,0.0,0.0,0.0,0.0
410,PIONEER-WOMAN-BOWTIE-LASAGNA-638445,0.0,0.0,0.0,0.0,1,0.0,1,0.0,0.0,0.0,0.0,0.0
411,Extra_easy-Spinach-Lasagna-Allrecipes,0.0,0.0,0.0,0.0,1,1.0,1,0.0,0.0,0.0,0.0,0.0
412,Pasta-Aglio-e-Olio-from-the-movie-Chef-1233750,0.0,0.0,0.0,0.0,1,0.0,1,0.0,0.0,0.0,0.0,0.0
413,Grilled-Pizza-with-Fontina-and-Arugula-Martha-Stewart,1.0,0.0,0.0,0.0,1,0.0,1,0.0,0.0,0.0,0.0,0.0
414,Pepperoni-Casserole-Allrecipes,0.0,0.0,0.0,0.0,1,1.0,1,0.0,0.0,0.0,0.0,0.0
415,Pasta-alla-Gricia-747963,0.0,0.0,0.0,0.0,1,0.0,1,0.0,0.0,0.0,0.0,0.0
416,Creamy-Polenta-with-Goat-Cheese-The-Pioneer-Woman-Cooks-_-Ree-Drummond-41307,0.0,0.0,0.0,0.0,1,0.0,1,0.0,0.0,0.0,0.0,0.0
417,Spaghetti-with-spicy-turkey-meat-sauce-347951,0.0,0.0,0.0,0.0,1,0.0,1,0.0,0.0,0.0,0.0,0.0
418,Whole-Wheat-Sweet-Potato-Gnocchi-Naturally-Ella-198304,0.0,0.0,0.0,0.0,1,0.0,1,0.0,0.0,0.0,0.0,0.0
419,Super-Simple-Mac-_-Cheese-Italian-Style-1262110,0.0,0.0,0.0,0.0,1,0.0,1,0.0,0.0,0.0,0.0,0.0
420,Ultimate-Skillet-Lasagna-1548791,0.0,0.0,0.0,0.0,1,0.0,1,0.0,0.0,0.0,0.0,0.0
421,Cheese-Ravioli-In-Creamy-Marinara-1185714,0.0,0.0,0.0,0.0,1,0.0,1,0.0,0.0,0.0,0.0,0.0
422,Risotto-with-Crab-and-Lemon-459528,0.0,0.0,0.0,0.0,1,0.0,1,0.0,0.0,0.0,0.0,0.0
423,Skinny-Chicken-Fettuccine-with-Alfredo-Sauce-_-Kefir-Creations-779433,0.0,0.0,0.0,0.0,1,0.0,1,0.0,0.0,0.0,0.0,0.0
424,How-to-Make-Fresh-Vegan-Moxarella-Cheese-_and-a-Bonus-Pizza-Recipe__-604101,0.0,0.0,0.0,0.0,1,0.0,1,0.0,0.0,0.0,0.0,0.0
425,Shrimp-Scampi-TasteOfHome,0.0,0.0,0.0,0.0,1,0.0,1,0.0,0.0,0.0,0.0,0.0
426,No-Boiling-Lasagna-1073204,0.0,0.0,0.0,0.0,1,0.0,1,0.0,0.0,0.0,0.0,0.0
427,Campanelle-with-Spicy-Eggplant_-Olives-and-Capers-1624415,0.0,0.0,0.0,0.0,1,0.0,1,0.0,0.0,0.0,0.0,0.0
428,Pasta-With-Lemon_-Herbs-and-Ricotta-Salata-1210240,0.0,0.0,0.0,0.0,1,0.0,1,0.0,0.0,0.0,0.0,0.0
429,Italian-Meatballs-1478797,0.0,0.0,0.0,0.0,1,0.0,1,0.0,0.0,0.0,0.0,0.0
430,Ravioli-Lasagna-1297662,0.0,0.0,0.0,0.0,1,0.0,1,0.0,0.0,0.0,0.0,0.0
431,PJ_s-Meatballs-_-Sauce-1570824,0.0,0.0,0.0,0.0,1,0.0,1,0.0,0.0,0.0,0.0,0.0
432,Tuscan-Chicken-Pasta-1615025,0.0,0.0,0.0,0.0,1,0.0,1,0.0,0.0,0.0,0.0,0.0
433,SPAGHETTI-CARBONARA-1319184,0.0,0.0,0.0,0.0,1,0.0,1,0.0,0.0,0.0,0.0,0.0
434,Pasta-alla-Vodka-475247,0.0,0.0,0.0,0.0,1,0.0,1,0.0,0.0,0.0,0.0,0.0
435,One-Pan-Lasagna-1625233,0.0,0.0,0.0,0.0,1,0.0,1,0.0,0.0,0.0,0.0,0.0
436,Original-Spaghetti-Carbonara-627150,0.0,0.0,0.0,0.0,1,0.0,1,0.0,0.0,0.0,0.0,0.0
437,Skinny-Chicken-Parmesan-977990,0.0,0.0,0.0,0.0,1,0.0,1,0.0,0.0,0.0,0.0,0.0
438,Quinoa-Pasta-with-Fresh-Tomatoes_-Garlic-and-Basil-1324195,0.0,0.0,0.0,0.0,1,0.0,1,0.0,0.0,0.0,0.0,0.0
439,Sauteed-Shrimp-Martha-Stewart,0.0,0.0,0.0,0.0,1,0.0,1,0.0,0.0,0.0,0.0,0.0
440,Chicken-Fettuccine-with-Pesto-Cream-Sauce-Martha-Stewart,0.0,0.0,0.0,0.0,1,0.0,1,0.0,0.0,0.0,0.0,0.0
441,Baked-artichoke-chicken-pasta-351279,0.0,0.0,0.0,0.0,1,0.0,1,0.0,0.0,0.0,0.0,0.0
442,Three-Cheese-Manicotti-460767,0.0,0.0,0.0,0.0,1,0.0,1,0.0,0.0,0.0,0.0,0.0
443,Skinny-Lasagna-Rolls-982643,0.0,0.0,0.0,0.0,1,0.0,1,0.0,0.0,0.0,0.0,0.0
444,Fettuccine-with-Peas_-Ricotta-and-Prosciutto-767389,0.0,0.0,0.0,0.0,1,0.0,1,0.0,0.0,0.0,0.0,0.0
445,Italian-Rigatoni-with-Smoked-Sausage-and-Sundried-Tomatoes-1595718,0.0,0.0,0.0,0.0,1,0.0,1,0.0,0.0,0.0,0.0,0.0
446,Roman-Style-Rigatoni-Alla-Gricia-511551,0.0,0.0,0.0,0.0,1,0.0,1,0.0,0.0,0.0,0.0,0.0
447,Italian-Chicken-Saute-631148,0.0,0.0,0.0,0.0,1,0.0,1,0.0,0.0,0.0,0.0,0.0
448,Veal-Piccata-440885,0.0,0.0,0.0,0.0,1,0.0,1,0.0,0.0,0.0,0.0,0.0
449,Vegan-Pasta-Alfredo-989804,0.0,0.0,0.0,0.0,1,0.0,1,0.0,0.0,0.0,0.0,0.0
450,Rabbit-Italian-Style-1703498,0.0,0.0,0.0,0.0,1,0.0,1,0.0,0.0,0.0,0.0,0.0
451,Mushroom-Fettuccine-with-Smoked-Gouda-Alfredo-Sauce-1530726,0.0,0.0,0.0,0.0,1,0.0,1,0.0,0.0,0.0,0.0,0.0
452,Lemon-shrimp-scampi-with-linguine-368771,0.0,0.0,0.0,0.0,1,0.0,1,0.0,0.0,0.0,0.0,0.0
453,Three-Cheese-Manicotti-Allrecipes,0.0,0.0,0.0,0.0,1,0.0,1,0.0,0.0,0.0,0.0,0.0
454,Baked-whole-wheat-spaghetti-casserole-with-turkey-italian-sausage-and-mozzarella-309199,0.0,0.0,0.0,0.0,1,0.0,1,0.0,0.0,0.0,0.0,0.0
455,Italian-Manicotti-1290365,0.0,0.0,0.0,0.0,1,0.0,1,0.0,0.0,0.0,0.0,0.0
456,Roasted-Chicken_-Bacon-and-Tomato-Alfredo-pizza-548484,0.0,0.0,0.0,0.0,1,0.0,1,0.0,0.0,0.0,0.0,0.0
457,Homemade-Italian-Meatballs-1263530,0.0,0.0,0.0,0.0,1,1.0,1,0.0,0.0,0.0,0.0,0.0
458,Perfect-Cacio-e-Pepe-1464446,0.0,0.0,0.0,0.0,1,0.0,1,0.0,0.0,0.0,0.0,0.0
459,Summery-Fettuccine-Alfredo-MyRecipes-213079,0.0,0.0,0.0,0.0,1,0.0,1,0.0,0.0,0.0,0.0,0.0
460,Lemony-Ricotta-Pasta-with-Basil-1288497,0.0,0.0,0.0,0.0,1,0.0,1,0.0,0.0,0.0,0.0,0.0
461,Italian-Layered-Vegetable-Casserole-481241,0.0,0.0,0.0,0.0,1,0.0,1,0.0,0.0,0.0,0.0,0.0
462,Chicken-and-Mushroom-Risotto-1351662,0.0,0.0,0.0,0.0,1,0.0,1,0.0,0.0,0.0,0.0,0.0
463,Slow-Cooker-Italian-Beef-Allrecipes,0.0,0.0,0.0,0.0,1,0.0,1,0.0,0.0,0.0,0.0,0.0
464,Chicken-Cacciatore---Spaghetti-and-Smoky-Tomato-Sauce-1688723,0.0,0.0,0.0,0.0,1,0.0,1,0.0,0.0,0.0,0.0,0.0
465,Polenta-Lasagna-with-Kale_-Butternut-Squash-_-Mushrooms-1682423,0.0,0.0,0.0,0.0,1,0.0,1,0.0,0.0,0.0,0.0,0.0
466,Buddy-Lasagna-1574071,0.0,0.0,0.0,0.0,1,0.0,1,0.0,0.0,0.0,0.0,0.0
467,Italian-Sausage-and-Pepper-Stew-1223728,0.0,0.0,0.0,0.0,1,0.0,1,0.0,0.0,0.0,0.0,0.0
468,Sweet-on-Corn--Simple-Pasta-Pleasure-1663158,0.0,0.0,0.0,0.0,1,0.0,1,0.0,0.0,0.0,0.0,0.0
469,Crock-pot-italian-turkey-meatballs-352285,0.0,0.0,0.0,0.0,1,0.0,1,0.0,0.0,0.0,0.0,0.0
470,Red-Wine-Spaghetti-with-Walnuts-and-Parsley-1468487,0.0,0.0,0.0,0.0,1,0.0,1,0.0,0.0,0.0,0.0,0.0
471,Vegan-Cashew-Pesto-Pasta-1078243,0.0,0.0,0.0,0.0,1,0.0,1,0.0,0.0,0.0,0.0,0.0
472,The-Pioneer-Woman-Cooks-Penne-alla-Betsy_-604921,0.0,0.0,0.0,0.0,1,0.0,1,0.0,0.0,0.0,0.0,0.0
473,Linguine-with-Shrimp-458557,0.0,0.0,0.0,0.0,1,0.0,1,0.0,0.0,0.0,0.0,0.0
474,Italian-Sausage_-Peppers_-and-Onions-1605875,0.0,0.0,0.0,0.0,1,0.0,1,0.0,0.0,0.0,0.0,0.0
475,Chicken-Piccata-629792,0.0,0.0,0.0,0.0,1,0.0,1,0.0,0.0,0.0,0.0,0.0
476,Pasta-alla-Trapanese-747904,0.0,0.0,0.0,0.0,1,0.0,1,0.0,0.0,0.0,0.0,0.0
477,Simple-Buttery-Spring-Pea-Pasta-with-Prosciutto_-1588222,0.0,0.0,0.0,0.0,1,0.0,1,0.0,1.0,0.0,0.0,0.0
478,Homemade-Gnocchi-1455869,0.0,0.0,0.0,0.0,1,0.0,1,0.0,0.0,0.0,0.0,0.0
479,Green-olive-gnocchi-308657,0.0,0.0,0.0,0.0,1,0.0,1,0.0,0.0,0.0,0.0,0.0
480,Amanda_s-8-Cheese-Deer-Lasagna-1681206,0.0,0.0,0.0,0.0,1,0.0,1,0.0,0.0,0.0,0.0,0.0
481,Carbonara-1048014,0.0,0.0,0.0,0.0,1,0.0,1,0.0,0.0,0.0,0.0,0.0
482,Chicken-Marsala-1622167,0.0,0.0,0.0,0.0,1,0.0,1,0.0,0.0,0.0,0.0,0.0
483,30_Minute-Spaghetti-and-Meatballs-Martha-Stewart,0.0,0.0,0.0,0.0,1,0.0,1,0.0,0.0,0.0,0.0,0.0
484,Upside-Down-Pizza-902245,0.0,0.0,0.0,0.0,1,1.0,1,0.0,0.0,0.0,0.0,0.0
485,Slow-cooker-mushroom-sage-risotto-334168,0.0,0.0,0.0,0.0,1,0.0,1,0.0,0.0,0.0,0.0,0.0
486,Beer-risotto-with-mushroom-garlic-chicken-333424,0.0,0.0,0.0,0.0,1,0.0,1,0.0,0.0,0.0,0.0,0.0
487,Crockpot-Italian-Beef-1420013,0.0,0.0,0.0,0.0,1,0.0,1,0.0,0.0,0.0,0.0,0.0
488,Sicilian-Sun-Dried-Tomato-Pesto-Penne-1564927,0.0,0.0,0.0,0.0,1,0.0,1,0.0,0.0,0.0,0.0,0.0
489,Vegetarian-Lasagna-1599314,0.0,0.0,0.0,0.0,1,0.0,1,0.0,0.0,0.0,0.0,0.0
490,One-Pot-Pizza-Pasta-Bake-634750,0.0,0.0,0.0,0.0,1,1.0,1,0.0,0.0,0.0,0.0,0.0
491,Fresh-Tomato-Basil-Sauce-with-Zucchini-Noodles-682228,0.0,0.0,0.0,0.0,1,0.0,1,0.0,0.0,0.0,0.0,0.0
492,Skillet-Lasagna-Easy-One-Pan-Meal-589859,0.0,0.0,0.0,0.0,1,0.0,1,0.0,0.0,0.0,0.0,0.0
493,Italian-Chicken-1113944,0.0,0.0,0.0,0.0,1,0.0,1,0.0,0.0,0.0,0.0,0.0
494,Sicilian-Pasta-with-Almonds-and-Anchovies-1589303,0.0,0.0,0.0,0.0,1,0.0,1,0.0,0.0,0.0,0.0,0.0
495,Italian-Pizza-1398670,0.0,0.0,0.0,0.0,1,0.0,1,0.0,0.0,0.0,0.0,0.0
496,Quick-Pizza-Margherita-My-Recipes,0.0,0.0,0.0,0.0,1,0.0,1,0.0,0.0,0.0,0.0,0.0
497,Stuffed-Chicken-Valentino-Allrecipes,0.0,0.0,0.0,0.0,1,0.0,1,0.0,0.0,0.0,0.0,0.0
498,Zucchini-Noodles-_-Spaghetti-Pasta-Olio-with-Chickpeas-_-Mozzarella-1663756,0.0,0.0,0.0,0.0,1,0.0,1,0.0,0.0,0.0,0.0,0.0
499,Roasted-Vegetable-Lasagna-with-Roasted-Red-Pepper-Sauce-932504,0.0,0.0,0.0,0.0,1,0.0,1,0.0,0.0,0.0,0.0,0.0
