,id,rating,recipeName,sourceDisplayName
0,Mongolian-BBQ-Seitan-971034,3,Mongolian BBQ Seitan,chooseveg.com
1,Diet-Rice-With-Shrimps-1511715,4,Diet Rice With Shrimps,Our Meals
2,Honey-hoisin-chicken-in-the-slow-cooker-365020,5,Honey Hoisin Chicken in the Slow Cooker,Eat at Home
3,Thai-Shrimp-Curry-1064701,4,Thai Shrimp Curry,LaaLoosh
4,Vegetarian-Lo-Mein-1617715,4,Vegetarian Lo Mein,Weelicious
5,Miso-Mayonnaise-Chicken-1633569,3,Miso Mayonnaise Chicken,Japan Centre
6,Sticky-Sweet-and-Spicy-Asian-Chicken-Thighs-1053911,4,Sticky Sweet and Spicy Asian Chicken Thighs,Seasons and Suppers
7,Thai-Beef-and-Basil-Stirfry-Thai-Recipes-1266729,3,Thai Beef and Basil Stirfry – Thai Recipes,The Aimless Cook
8,Ginger_sesame-Marinade-My-Recipes,4,Ginger-Sesame Marinade,MyRecipes
9,Red-Rice-or-Farro-With-Miso-Roasted-Squash_-Leeks_-Red-Pepper-and-Tofu-1685051,3,"Red Rice or Farro With Miso-Roasted Squash, Leeks, Red Pepper and Tofu",New York Times Cooking
10,Thai-Red-Chicken-Curry-993160,3,Thai Red Chicken Curry,House
11,Honey-and-Soy-Baked-Chicken-Thighs-1019856,5,Honey and Soy Baked Chicken Thighs,Real Mom Kitchen
12,Tom-Yum-Goong-1637175,4,Tom Yum Goong,All FIsh Seafood Recipes
13,Unfried-chicken-skewers-_-bbq-sauce-296677,4,Unfried Chicken Skewers & Bbq Sauce,Unilever North America
14,Sesame-Veggie-Soba-1630458,4,Sesame Veggie Soba,Yin and Yolk
15,Korean-Beef-1058276,4,Korean Beef,Mommy on Demand
16,Five-spice-Duck-Breasts-With-Honey-And-Soy-1678385,3,Five-spice Duck Breasts With Honey And Soy,BBC
17,Maple-Miso-Dijon-Salmon-439539,5,Maple-Miso Dijon Salmon,Closet Cooking
18,Sweet-and-Spicy-Tofu-1022505,4,Sweet and Spicy Tofu,Driftwood Gardens
19,Sticky-Sesame-Tofu-and-Broccoli-1686644,4,Sticky Sesame Tofu and Broccoli,The Fitchen
20,Bibimbap-_Korean-Mixed-Rice_-1622764,4,Bibimbap (Korean Mixed Rice),Curious Nut
21,Tropical-Teriyaki-Chicken-Breasts-with-Grilled-Pineapple-1055702,4,Tropical Teriyaki Chicken Breasts with Grilled Pineapple,Fit Foodie Finds
22,Spicy-thai-beef-and-jasmine-rice-352219,5,Spicy Thai Beef and Jasmine Rice,Skinnytaste
23,Shrimp-with-Spicy-Garlic-Sauce-470714,5,Shrimp with Spicy Garlic Sauce,Tracey's Culinary Adventures
24,Sticky-Roasted-Thai-Chicken-681111,3,Sticky Roasted Thai Chicken,Donna Hay
25,Vietnamese-Caramelised-Ginger-Chicken-1626427,4,Vietnamese Caramelised Ginger Chicken,LinsFood
26,Korean-bbq-beef-371107,5,Korean BBQ Beef,Our Best Bites
27,Easy-Asian-Salmon-1275944,4,Easy Asian Salmon,Mom Foodie
28,Chili-Clams-496889,4,Chili Clams,Rasa Malaysia
29,Spaghetti-Squash-Chow-Mein-1119494,4,Spaghetti Squash Chow Mein,Little bits of baking crafting and life
30,One-Pot-Chicken-Teriyaki-Rice-Bowls-1557845,4,One Pot Chicken Teriyaki Rice Bowls,Favorite Family Recipes
31,Sheet-Tray-Salmon-with-Mushrooms-and-Bok-Choy-1640490,3,Sheet Tray Salmon with Mushrooms and Bok Choy,Tasting Table
32,Korean-Ginger-Chicken-1126888,3,Korean Ginger Chicken,Korean Food
33,Beef-Stir-Fry-601854,3,Beef Stir Fry,Inmotion Life
34,Thai-Chicken-1570331,4,Thai Chicken,Everyday Made Fresh
35,Vietnamese-Caramelized-Shrimp-1022348,4,Vietnamese Caramelized Shrimp,Once Upon A Chef
36,Sticky-Garlic-Chicken-and-Broccoli-781262,4,Sticky Garlic Chicken and Broccoli,Pinch of Yum
37,Sesame-Crusted-Asian-Scallops-1038486,4,Sesame Crusted Asian Scallops,The Wicked Noodle
38,Easy-Korean-Beef-1059048,4,Easy Korean Beef,Wok and Skillet
39,Chicken-Pad-Thai-792751,4,Chicken Pad Thai,Creme de la Crumb
40,Sweet-_-Sour-Chicken-Fried-Rice-1587944,4,Sweet & Sour Chicken Fried Rice,A Dash of Sanity
41,Garlic-Chicken-Fried-Brown-Rice-1689781,4,Garlic Chicken Fried Brown Rice,AllRecipes
42,Teriyaki-Chicken-Veggie-Stir-fry-1681706,4,Teriyaki Chicken Veggie Stir-fry,In The Kitchen With April
43,Easy-Stir-Fry-Shrimp-and-Cashews-1512500,4,Easy Stir-Fry Shrimp and Cashews,Mantitlement
44,Stir-Fry-Shrimp-with-Thai-Roasted-Chili-Paste-976372,4,Stir-Fry Shrimp with Thai Roasted Chili Paste,Jeanette's Healthy Living
45,Broccoli-Slaw-Stir-Fry-with-Garlic-Ginger-Teriyaki-Sauce-1667767,4,Broccoli Slaw Stir Fry with Garlic-Ginger Teriyaki Sauce,Simply Whisked
46,Sinigang-na-Hito-sa-Miso-1110852,4,Sinigang na Hito sa Miso,Kawaling Pinoy
47,Thai-Basil-Chicken-Recipe-_pad-Kra-Pao-Gai-_-597480,4,Thai Basil Chicken Recipe (pad Kra Pao Gai ผัดกระเพราไก่),Eating Thai Food
48,Fresh-Thai-Paste-For-Curries-1693830,4,Fresh Thai Paste For Curries,Finding Feasts
49,Spicy-Garlic-Shrimp-with-Coconut-Rice-Simply-Recipes-42928,5,Spicy Garlic Shrimp with Coconut Rice,Simply Recipes
50,Asian-Salmon-Steaks-472675,5,Asian Salmon Steaks,Recipe Girl
51,Whole-Wheat-Pasta-with-Tofu-and-Cucumber-1680160,3,Whole-Wheat Pasta with Tofu and Cucumber,Food & Wine
52,Authentic-Mongolian-Beef-Copycat-Recipe-Like-PF-Chang_s-1461466,4,Authentic Mongolian Beef Copycat Recipe Like PF Chang's,Melanie Cooks
53,Asian-Style-Beef-_-Broccoli-1017812,4,Asian Style Beef & Broccoli,Skinny Ms
54,Galbi-jim-334394,5,Galbi Jim,Spoon Fork Bacon
55,Shoyu-Chicken-1300542,4,Shoyu Chicken,My Pinterventures
56,How-To-Make-Pork-Dumplings-1008479,4,How To Make Pork Dumplings,The Kitchn
57,Ginger-Citrus-Tofu-Power-Bowl-With-Bok-Choy-and-Cashews-_Vegan_-1681610,3,Ginger Citrus Tofu Power Bowl With Bok Choy and Cashews [Vegan],One Green Planet
58,Moms-Mutton-Chops-Curry-1689192,4,Mom’s Mutton Chops Curry,Curry Trail
59,Pork-Sinigang-AllRecipes,5,Pork Sinigang,AllRecipes
60,Roasted-tofu-with-ginger-garlic-marinade-344725,5,Roasted Tofu with Ginger Garlic Marinade,Cookie and Kate
61,Oriental-style-Chicken-530555,4,Oriental-style Chicken,Madeleine Cocina
62,Slow-Cooker-Beef-and-Broccoli-1049474,4,Slow Cooker Beef and Broccoli,Ready Set Eat
63,Cedar-Planked-Salmon-Allrecipes,5,Cedar Planked Salmon,AllRecipes
64,Coconut-Soba-Noodle-Bowls-1679816,4,Coconut Soba Noodle Bowls,Bev Cooks
65,Slow-Cooker-Honey-Garlic-Chicken-1180551,3,Slow Cooker Honey Garlic Chicken,Everyday Dishes
66,Beef-Lo-Mein-1638012,4,Beef Lo Mein,Small Town Woman
67,Sesame-Honey-Chicken-1576910,4,Sesame Honey Chicken,12Tomatoes
68,Low-sugar-_or-sugar-free_-teriyaki-chicken-310060,5,Low Sugar (or sugar-free) Teriyaki Chicken,Kalyn's Kitchen
69,Beef-Donburi-with-Shiso-Garlic-Soy-Sauce-1643037,4,Beef Donburi with Shiso Garlic Soy Sauce,Just One Cookbook
70,Slow-Cooker-Korean-Style-Barbecue-Pork-1068368,4,Slow-Cooker Korean Style Barbecue Pork,Foodie with Family
71,Stir-Fry-Sesame-Chicken-_-Vegetables-1588553,3,Stir-Fry Sesame Chicken & Vegetables,McCormick
72,Vietnamese-Meatballs-recipe-85-calories-781517,4,Vietnamese Meatballs recipe – 85 calories,Diet Recipe Blog
73,Tofu-in-peanut-sauce-crockpot-310375,5,Tofu In Peanut Sauce CrockPot,A Year of Slow Cooking
74,Honey-Soy-Glazed-Salmon-with-Bok-Choy-597064,3,Honey-Soy Glazed Salmon with Bok Choy,Serious Eats
75,Pork-Chops-with-Lemongrass-_Vietnamese-style_-1662319,4,Pork Chops with Lemongrass (Vietnamese style),Christine's Recipes
76,Baked-Asian_style-Honey-Chicken-Allrecipes,4,Baked Asian-Style Honey Chicken,AllRecipes
77,Sticky-Pork-1586350,4,Sticky Pork,FOOD TO LOVE
78,Mahogany-Chicken-Wings-Allrecipes,5,Mahogany Chicken Wings,AllRecipes
79,Beef-and-broccoli-_slow-cooker_-351176,5,Beef and Broccoli {Slow Cooker},Real Mom Kitchen
80,Spicy-Thai-Peanut-Noodles-1253474,4,Spicy Thai Peanut Noodles,Cooking Classy
81,Vietnamese-Style-Grilled-Lemongrass-Pork-786246,4,Vietnamese Style Grilled Lemongrass Pork,Ang Sarap
82,Korean-Steak-513239,5,Korean Steak,Leite's Culinaria
83,Thailand-Panang-Curry-with-Chicken-1425322,4,Thailand Panang Curry with Chicken,AVA Recipes
84,Easy-Spicy-Korean-Pork-for-Dummies-1183484,4,Easy Spicy Korean Pork for Dummies,Beyond Kimchee
85,Momo-Dumplings-682220,4,Momo Dumplings,101 Cookbooks
86,Sesame-Ginger-Salmon-573945,4,Sesame Ginger Salmon,Damn Delicious
87,Asian-Glazed-Salmon-1600325,4,Asian Glazed Salmon,A Healthy Life For Me
88,Korean-Braised-Tofu-1055571,4,Korean Braised Tofu,Las Vegas Food Adventures
89,Korean-Style-Short-Ribs-458293,3,Korean-Style Short Ribs,Williams-Sonoma
90,Korean-Beef-_-Broccoli-1069042,4,Korean Beef & Broccoli,This Mama Loves
91,Beef-Lo-Mein-1690286,4,Beef Lo Mein,AllRecipes
92,Grilled-wasabi-honey-shrimp-346314,5,Grilled Wasabi-Honey Shrimp,Every Day with Rachael Ray
93,Spinach_-Tofu-and-Sesame-Stir-Fry-770048,3,"Spinach, Tofu and Sesame Stir-Fry",The New York Times - Well
94,Sesame-Chicken-with-Quinoa-995607,4,Sesame Chicken with Quinoa,Gimme Some Oven
95,Cod-and-Pepper-Stir-Fry-with-Orange-Sauce-1689698,4,Cod and Pepper Stir Fry with Orange Sauce,Mother Rimmy's
96,6-Ingredient-Lamb-and-Cashew-Curry-1578687,4,6 Ingredient Lamb and Cashew Curry,The Nude Food Hero
97,Asian-BBQ-Chicken-1223905,4,Asian BBQ Chicken,Your Homebased Mom
98,Pork-Pad-Thai-1668252,4,Pork Pad Thai,Simply Whisked
99,Mongolian-Beef-Noodle-Bowls-1315721,4,Mongolian Beef Noodle Bowls,Iowa Girl Eats
100,Island-Teriyaki-Chicken-Skillet-1589001,4,Island Teriyaki Chicken Skillet,The Seasoned Mom
101,Sweet-_-Sour-Chicken-1643322,4,Sweet & Sour Chicken,Donal Skehan
102,Soy-grilled-mahi-mahi-recipe-with-korean-dipping-sauce-309864,5,Soy-Grilled Mahi Mahi recipe with Korean Dipping Sauce,Kalyn's Kitchen
103,Pad-Kee-Mao-1187916,4,Pad Kee Mao,Platings and Pairings
104,Pineapple-and-shrimp-fried-quinoa-351073,5,Pineapple and Shrimp Fried Quinoa,Closet Cooking
105,Garlic-_-Ginger-Sweet-Chicken-Wings-1637382,3,Garlic & Ginger Sweet Chicken Wings,Perdue.com
106,Chicken-Chow-Mein-1501952,4,Chicken Chow Mein,Cooking Classy
107,Thai-Noodles-1638969,4,Thai Noodles,Jaque's Kitchen
108,CHICKEN-CHOW-MEIN-WITH-ALMONDS-1678540,4,CHICKEN CHOW MEIN WITH ALMONDS,Linda's Low Carb Menus
109,Baked-spaghetti-squash-with-sriracha-and-turkey-345843,5,Baked Spaghetti Squash with Sriracha and Turkey,White on Rice Couple
110,Vegan-Shanghai-Noodles-1634818,4,Vegan Shanghai Noodles,Connoisseurus Veg
111,Vietnamese-Lemongrass-Chicken-1028534,3,Vietnamese Lemongrass Chicken,The Guardian
112,Pronto-Polynesian-Pork-1630022,3,Pronto Polynesian Pork,Everyday Diabetic Recipes
113,Spicy-Korean-Pork-1048493,4,Spicy Korean Pork,New Kid on the Wok
114,Crock-Pot-Mongolian-Beef-1082525,4,Crock Pot Mongolian Beef,Meet Penny
115,Cabbage-Rolls-1032551,4,Cabbage Rolls,The Aloha Files
116,Honey-Garlic-Chicken-Slow-Cooker-1098406,4,Honey Garlic Chicken Slow Cooker,A Year of Slow Cooking Blog
117,Slow-Cooker-Beef-and-Broccoli-987579,3,Slow Cooker Beef and Broccoli,Paleo Leap
118,Awesome-Korean-Steak-Allrecipes,5,Awesome Korean Steak,AllRecipes
119,Szechuan-Shrimp-My-Recipes,4,Szechuan Shrimp,MyRecipes
120,Five-spice-roasted-chicken-legs-352263,5,Five Spice Roasted Chicken Legs,Skinnytaste
121,Coconut-Shrimp-Curry-496279,5,Coconut Shrimp Curry,Jo Cooks
122,Shrimp-in-Coconut-Milk-Sauce-1047880,4,Shrimp in Coconut Milk Sauce,Confessions of an Overworked Mom
123,Asian-Pork-Tacos-1614779,3,Asian Pork Tacos,Fifteen Spatulas
124,Sesame-Chicken-and-Noodles-1107807,3,Sesame Chicken and Noodles,Recipe.com
125,Curry-Chicken-1296041,4,Curry Chicken,TheYummyJourney
126,Cumin-Lamb-1287247,4,Cumin Lamb,The Woks of Life
127,Asian-Chicken-Lettuce-Cups-1624176,4,Asian Chicken Lettuce Cups,Stacy Snacks
128,Korean-Fried-Chicken-758915,4,Korean Fried Chicken,Eat The Love
129,Grilled-Teriyaki-Tofu-1179645,5,Grilled Teriyaki Tofu,Whole Foods Market
130,Honey-Ginger-Tofu-and-Veggie-Stir-Fry-759041,4,Honey Ginger Tofu and Veggie Stir Fry,Pinch of Yum
131,Asian-bbq-chicken-370807,5,Asian BBQ Chicken,Our Best Bites
132,Steak-_-Mango-Stir-Fry-537733,4,Steak & Mango Stir-Fry,Our Best Bites
133,Easy-Pad-Thai-for-_WeekdaySupper-and-_ChooseDreams-1105212,4,Easy Pad Thai for #WeekdaySupper and #ChooseDreams,The Dinner Mom
134,Crispy-Tofu-and-Broccoli-Bowls-with-Spicy-Hoisin-Sauce-1693018,3,Crispy Tofu and Broccoli Bowls with Spicy Hoisin Sauce,Honest Cooking
135,Sesame-Noodles-1598171,4,Sesame Noodles,Like Mother Like Daughter
136,Asian-Sesame-Grilled-Tuna-Steak-1310033,4,Asian Sesame Grilled Tuna Steak,"half tomato, half potato"
137,Sweet-Chili-Glazed-Chicken-Rice-Noodle-Bowls-1620309,4,Sweet Chili Glazed Chicken Rice Noodle Bowls,Destination Delish
138,Sesame-Beef-And-Broccoli-1582520,4,Sesame Beef And Broccoli,Melissa's Southern Style Kitchen
139,Sesame-Broccoli-Tofu-1572548,4,Sesame Broccoli Tofu,The Starving Musician
140,Lemongrass-_-Coconut-Skewers-1687992,4,Lemongrass & Coconut Skewers,Urban Munching
141,Ginger-Lime-Beef-Stir-Fry-1591401,4,Ginger-Lime Beef Stir Fry,Diethood
142,Green-tea-asian-stir-fry-303064,4,Green Tea Asian Stir-fry,Unilever North America
143,Honey-Soy-Asian-Salmon-in-Foil-1257564,4,Honey-Soy Asian Salmon in Foil,The Comfort of Cooking
144,Hoisin-Glazed-Salmon-1602825,4,Hoisin Glazed Salmon,All FIsh Seafood Recipes
145,Vegan-Bibimbab-1264214,4,Vegan Bibimbab,FatFree Vegan Kitchen
146,Ginger-Infused-Honey-Chicken-1611055,4,Ginger Infused Honey Chicken,Skinny Ms
147,Sweet-_-Spicy-Asian-Glazed-Ribs-1170750,4,Sweet & Spicy Asian Glazed Ribs,Favorite Family Recipes
148,Steak-with-Kimchi-Butter-514105,5,Steak with Kimchi Butter,Steamy Kitchen
149,Spicy-Black-Pepper-Tofu-1521556,3,Spicy Black Pepper Tofu,WHAT the HECK do I eat NOW
150,Chap-Chae-_Korean-Noodles-with-Beef-and-Vegetables_-579594,3,Chap Chae (Korean Noodles with Beef and Vegetables),Saveur
151,How-To-Make-Slow-Cooker-Thai-Chicken-Curry-1691220,4,How To Make Slow Cooker Thai Chicken Curry,Cooktop Cove
152,Spicy-Thai-Noodle-Bowls-1594215,4,Spicy Thai Noodle Bowls,The Garlic Diaries
153,Three-Cup-Chicken-Sanbeiji-1637817,3,Three Cup Chicken Sanbeiji,Chinese Food About.com
154,Huli-Huli-Chicken-1080358,4,Huli Huli Chicken,Cooking In Stilettos
155,Thai-Basil-Tofu-Stir-Fry-1641199,4,Thai Basil Tofu Stir Fry,Connoisseurus Veg
156,Philippine_style-Chicken-Adobo-Epicurious_2,4,Philippine-Style Chicken Adobo,Epicurious
157,Thai-Pineapple-Fried-Rice-1455887,4,Thai Pineapple Fried Rice,Rasa Malaysia
158,Grilled-Chicken-Thighs-with-Spicy-Miso-Mayo-1684734,3,Grilled Chicken Thighs with Spicy Miso Mayo,Food & Wine
159,Salmon-Teriyaki-469851,5,Salmon Teriyaki,Steamy Kitchen
160,Easy-Chicken-Stir-Fry-761730,3,Easy Chicken Stir-Fry,BigOven
161,Tandoori-Style-Chicken-Thighs---Low-Carb-and-Gluten-Free-1455736,4,Tandoori Style Chicken Thighs - Low Carb and Gluten Free,I Breathe... I'm Hungry...
162,Taiwanese-Popcorn-Chicken-565083,4,Taiwanese Popcorn Chicken,Raina's Kitchen
163,Grilled-Lemongrass-Chicken-Closet-Cooking-54932,5,Grilled Lemongrass Chicken,Closet Cooking
164,Healthy-Thai-Coconut-Chili-Chicken-Skewers-1040206,4,Healthy Thai Coconut Chili Chicken Skewers,12Tomatoes
165,Baked-Teriyaki-Chicken-1702977,4,Baked Teriyaki Chicken,AllRecipes
166,Thirty-Minute-Vegetarian-Pho-573822,3,Thirty Minute Vegetarian Pho,Honest Cooking
167,Tonkatsu-1328324,4,Tonkatsu,Kawaling Pinoy
168,Vietnamese-noodle-bowl-with-glazed-pork-347642,5,Vietnamese Noodle Bowl with Glazed Pork,Every Day with Rachael Ray
169,Chilled-Oriental-Sesame-Noodles-1569756,4,Chilled Oriental Sesame Noodles,Home & Plate
170,Chicken-red-curry-stir-fry-with-green-beans-304842,5,Chicken Red Curry Stir-Fry with Green Beans,Serious Eats
171,Spiced-Pan-Seared-Salmon-1600445,4,Spiced Pan-Seared Salmon,Garlic And Zest
172,Asian-BBQ-Pork-Ribs-1545474,4,Asian BBQ Pork Ribs,Grab Your Spork
173,Chicken-Satay-1097381,4,Chicken Satay,Rasa Malaysia
174,Korean-Barbecue-Flank-Steak-625782,3,Korean Barbecue Flank Steak,Taste and Tell
175,Kalbi-_Korean-BBQ-Short-Ribs_-AllRecipes,5,Kalbi (Korean BBQ Short Ribs),AllRecipes
176,Pork-and-Kim-Chi-Noodle-Stir-Fry-496558,4,Pork and Kim Chi Noodle Stir Fry,White on Rice Couple
177,Hoy-Lai-Ped-_Spicy-Clams-in-Thai-Roasted-Chili-Paste_-496943,4,Hoy Lai Ped (Spicy Clams in Thai Roasted Chili Paste),Rasa Malaysia
178,Pan-Fried-Lemongrass-Pork-_Thit-Heo-Chien_-1680057,4,Pan-Fried Lemongrass Pork (Thịt Heo Chiên),Beyond Norm
179,Panang-Curry-with-Chicken-AllRecipes,5,Panang Curry with Chicken,AllRecipes
180,Thai-Chicken-Curry-1455654,4,Thai Chicken Curry,Rasa Malaysia
181,One-Pot-Asian-Peanut-Chicken-_-Noodles-1631038,3,One Pot Asian Peanut Chicken + Noodles,NourishedPeach
182,Chicken-Ramen-Stir-Fry-1631186,4,Chicken Ramen Stir Fry,Erin Blue Burke
183,Mongolian-Lamb-With-Spring-Onions-1687602,3,Mongolian Lamb With Spring Onions,Chinese Food About.com
184,Quick-and-Easy-Cashew-Chicken-939194,4,Quick and Easy Cashew Chicken,"Oh, Sweet Basil"
185,Asian-Marinated-Pork-Chops-1685039,4,Asian Marinated Pork Chops,AllRecipes
186,Adobo-Chicken-With-Ginger-Allrecipes,5,Adobo Chicken with Ginger,AllRecipes
187,Kimchee-Jjigae-2_-the-easiest-Korean-stew-you-can-make-611462,3,"Kimchee Jjigae 2, the easiest Korean stew you can make",Beyond Kimchee
188,Vegan-Spicy-Peanut-Noodles-1562298,3,Vegan Spicy Peanut Noodles,Ceara's Kitchen
189,Jamaican-Pork-Stir-Fry-967471,3,Jamaican Pork Stir-Fry,Better Homes and Gardens
190,Lemongrass-Chicken-Pho-1633163,3,Lemongrass Chicken Pho,Cookstr
191,Sizzling-Bangus-Sisig-1637305,4,Sizzling Bangus Sisig,All FIsh Seafood Recipes
192,Asian-Salmon-and-Green-Beans-Stir-Fry-1041754,4,Asian Salmon and Green Beans Stir Fry,ifoodreal
193,Huli-huli-chicken-369122,5,Huli Huli Chicken,Cinnamon Girl
194,Honey_-Lime-_-Sriracha-Chicken-Skewers-595933,4,"Honey, Lime & Sriracha Chicken Skewers",Once Upon A Chef
195,Asian-Sticky-Wings-1439764,4,Asian Sticky Wings,"All Things Food, Cooking with Mary and Friends"
196,Chicken-Bulgogi-1588067,4,Chicken Bulgogi,David Lebovitz
197,General-tso_s-chicken-_n-broccoli-304276,4,General Tso's Chicken 'n Broccoli,Unilever North America
198,Easy-Thai-Baked-Chicken-1119391,4,Easy Thai Baked Chicken,Flavour and Savour
199,Filipino-bbq-pork-skewers-352163,5,Filipino BBQ Pork Skewers,Skinnytaste
200,Mongolian-Beef-1216915,4,Mongolian Beef,Just a Taste
201,Crock-pot-sesame-honey-chicken-336079,5,Crock Pot Sesame Honey Chicken,Skinnytaste
202,Chicken-Pad-Thai-1035888,4,Chicken Pad Thai,The Gingered Whisk
203,Chicken-Adobo-492541,4,Chicken Adobo,All Day I Dream About Food
204,Soba-Noodles-with-Napa-Cabbage-1601096,4,Soba Noodles with Napa Cabbage,Therese Patterson
205,Thai-Crispy-Tilapia-with-Chili-Sauce-_Pla-Rad-Prik_-1642903,4,Thai Crispy Tilapia with Chili Sauce (Pla Rad Prik),All FIsh Seafood Recipes
206,Easy-Pork-Stir-Fry-1593653,4,Easy Pork Stir Fry,Buns in my Oven
207,Easy-Grilled-Salmon-Recipe-in-Foil-with-Ginger-_-Soy-Sauce-1128293,4,Easy Grilled Salmon Recipe in Foil with Ginger & Soy Sauce,Cookin' Canuck
208,Slow-Cooker-Sticky-Garlic-Chicken-1212655,4,Slow Cooker Sticky Garlic Chicken,Skinny Ms
209,Vietnamese-Stir-Fry-MyRecipes-244195,3,Vietnamese Stir-Fry,MyRecipes
210,Sweet-_-Sour-Chicken-Fried-Rice-1588310,4,Sweet & Sour Chicken Fried Rice,A Dash of Sanity
211,15-Minute-Shrimp-Curry-1647427,4,15-Minute Shrimp Curry,All FIsh Seafood Recipes
212,Pork-Ribs-With-Palm-Caramel-1684400,4,Pork Ribs With Palm Caramel,Food Republic
213,Thai-Coconut-Curry-Shrimp-My-Recipes,4,Thai Coconut Curry Shrimp,MyRecipes
214,Spicy-pork-lettuce-cups-346052,5,Spicy Pork Lettuce Cups,White on Rice Couple
215,Peanut-Noodles-Allrecipes,4,Peanut Noodles,AllRecipes
216,Salted-Pork-Belly-752480,4,Salted Pork Belly,Raina's Kitchen
217,Japanese-Soy-Balsamic-Braised-Chicken-1563000,4,Japanese Soy-Balsamic Braised Chicken,Palatable Pastime
218,Lemon-Teriyaki-Chicken-1591947,4,Lemon Teriyaki Chicken,Creme de la Crumb
219,Sweet-and-Sour-Pork-1632111,3,Sweet and Sour Pork,Diabetic Living
220,15-Minute-Korean-Style-Beef-1026340,4,15 Minute Korean Style Beef,Foodie with Family
221,Bibimbap-Two-Ways-1687637,4,Bibimbap Two Ways,What To Cook Today
222,Vietnamese-Caramelized-Braised-Pork-Belly-and-Eggs-_Thit-Kho_-1041363,4,Vietnamese Caramelized Braised Pork Belly and Eggs (Thịt Kho),Vietnamese Foody
223,Spicy-Shrimp-Fried-Rice-1571517,4,Spicy Shrimp Fried Rice,Skinnytaste
224,Peppered-Prawns-With-Leek-1586470,4,Peppered Prawns With Leek,FOOD TO LOVE
225,Vegan-Potstickers-with-Shiitakes_-Cabbage-and-Scallions-1077863,4,"Vegan Potstickers with Shiitakes, Cabbage and Scallions",The Solstice Table
226,Asian-Slow-Roasted-Salmon-1614501,3,Asian Slow-Roasted Salmon,Get Me Cooking
227,Chicken-Pad-Thai-1044993,4,Chicken Pad Thai,Cooking Classy
228,Mouth-Watering-Coconut-Thai-Chicken-Curry-768592,4,Mouth Watering Coconut Thai Chicken Curry,Awaken Living
229,Thai-Coconut-Peanut-Chicken-1621776,4,Thai Coconut Peanut Chicken,The Girl Who Ate Everything
230,Shumai-with-Crab-and-Pork-1534235,3,Shumai with Crab and Pork,Food & Wine
231,Dakdoritang-_Korean-spicy-chicken-stew_-1036387,4,Dakdoritang (Korean spicy chicken stew),Korean Bapsang
232,Ayam-Masak-Merah-_Chicken-in-Spicy-Tomato-Sauce_-1455804,4,Ayam Masak Merah (Chicken in Spicy Tomato Sauce),Rasa Malaysia
233,PF-Chang_s-Mongolian-Beef-Copycat-568230,4,PF Chang's Mongolian Beef Copycat,Jo Cooks
234,Easy-veggie-stir-fry-370970,5,Easy Veggie Stir-Fry,Our Best Bites
235,STIR-FRIED-CHICKEN-WITH-LEMONGRASS-1680619,4,STIR-FRIED CHICKEN WITH LEMONGRASS,What To Cook Today
236,Pad-Thai-1179290,4,Pad Thai,Tried and Tasty
237,Authentic-Thai-chicken-curry-1548849,4,Authentic Thai chicken curry,Eat Good 4 Life
238,Spicy-Tofu-And-Edamame-Beans-1637171,3,Spicy Tofu And Edamame Beans,BBC
239,Pad-Grapow-_Thai-Basil-Chicken_-1626257,4,Pad Grapow (Thai Basil Chicken),Jaque's Kitchen
240,Pad-Thai-466684,4,Pad Thai,The Eccentric Cook
241,Crunchy-Chicken-Satay-In-A-Pan-1628080,3,Crunchy Chicken Satay In A Pan,Style at Home
242,Ahi-Poke-Bowl-1631966,4,Ahi Poke Bowl,A Spicy Perspective
243,Ayam-Percik-_Baked-Chicken-in-Coconut-Sauce_-593869,4,Ayam Percik (Baked Chicken in Coconut Sauce),Anncoo Journal
244,Spring-Roll-Bowls-1637062,4,Spring Roll Bowls,PureWow
245,Chop-Suey-1710464,3,Chop Suey,Epicurious
246,Shrimp-fried-rice-348357,5,Shrimp Fried Rice,Every Day with Rachael Ray
247,Japchae-_Chap-Chae_-497183,4,Japchae (Chap Chae),Rasa Malaysia
248,Korean-Beef-Bowl-496617,4,Korean Beef Bowl,Real Mom Kitchen
249,Tahini-Soba-Noodles-with-Bok-Choy-and-Edamame-1592318,4,Tahini Soba Noodles with Bok Choy and Edamame,Further Food
250,Asian-pork-chops-with-thai-sesame-noodles-304199,4,Asian Pork Chops With Thai Sesame Noodles,Unilever North America
251,Amazing-Copycat-Orange-Chicken-1566818,4,Amazing Copycat Orange Chicken,Or Whatever You Do
252,Yangnyeom-Chicken-1564123,4,Yangnyeom Chicken,Korean Bapsang
253,Chicken-Rendang-1621608,4,Chicken Rendang,Rasa Malaysia
254,Easy-From-Scratch-Thai-Yellow-Curry-With-Fish-1635731,4,Easy From-Scratch Thai Yellow Curry With Fish,Kitchen Sanctuary
255,Mongolian-Beef---a-quick-and-easy-recipe_-1594786,4,Mongolian Beef - a quick and easy recipe.,Rock Recipes
256,Three-Pea-Ginger-Tofu-Stir-Fry-1691113,4,Three Pea Ginger Tofu Stir Fry,Well Plated
257,Green-Buddha-Bowl-1642358,3,Green Buddha Bowl,Kris Carr
258,Chicken-Yakisoba-1344395,4,Chicken Yakisoba,AlloverUnique
259,Crock-Pot-Thai-Chicken-475822,4,Crock Pot Thai Chicken,Iowa Girl Eats
260,Grilled-or-Pan-Fried-Marinated-Tofu-1146018,3,Grilled or Pan-Fried Marinated Tofu,New York Times Cooking
261,Ochazuke-1597074,4,Ochazuke,Fairy Burger Blog
262,Chickpea-Kung-Pao-1064476,4,Chickpea Kung Pao,Kitchen Kealy
263,Vegetable-Chow-Mein-1681027,4,Vegetable Chow Mein,oldfatguy.ca
264,Gluten-Free-Tofu-_-Green-Bean-Stir-Fry-1568844,4,Gluten Free Tofu & Green Bean Stir Fry,Simply Gluten Free
265,Vegetable-Lo-Mein-1629348,4,Vegetable Lo Mein,Naturally Ella
266,Lightened-Up-General-Tso_s-Chicken-1191794,4,Lightened Up General Tso's Chicken,Table for Two
267,Crunchy-honey-chicken-333905,5,Crunchy Honey Chicken,How Sweet It Is
268,Katsudon-_pork-Cutlet-Rice-Bowl_-480624,4,Katsudon (pork Cutlet Rice Bowl),No Recipes
269,Savory-Sweet-Asian-Glazed-Pork-Kabobs-981162,4,Savory Sweet Asian Glazed Pork Kabobs,Favorite Family Recipes
270,Teriyaki-Chicken-Noodle-Bowls-1516618,4,Teriyaki Chicken Noodle Bowls,Damn Delicious
271,Thai-Red-Chicken-Curry-Allrecipes,4,Thai Red Chicken Curry,AllRecipes
272,Thai-Green-Curry-Shrimp-with-Asparagus-1097940,4,Thai Green Curry Shrimp with Asparagus,Seasons and Suppers
273,Ayam-Masak-Kicap-1120982,3,Ayam Masak Kicap,Hungry Go Where MY
274,Orange-Miso-Steak-513686,5,Orange Miso Steak,Steamy Kitchen
275,Stir-Fry-Vegetables-1269837,4,Stir Fry Vegetables,LaaLoosh
276,Honey-Sriracha-Tofu-1574659,4,Honey Sriracha Tofu,Hezzi-D's Books and Cooks
277,Brown-rice-bowl-with-lemongrass_-tofu-and-cashews-308295,5,"Brown Rice Bowl with Lemongrass, Tofu and Cashews",The Kitchn
278,How-To-Make-Quick-Vietnamese-Beef-Pho-987655,4,How To Make Quick Vietnamese Beef Pho,The Kitchn
279,Shrimp-Fried-Rice-II-1689780,4,Shrimp Fried Rice II,AllRecipes
280,Chicken-Stir-Fry-and-Yellow-Rice-1637414,3,Chicken Stir Fry and Yellow Rice,Perdue.com
281,Basil-chicken-in-coconut-sauce-335717,5,Basil Chicken in Coconut Sauce,Baked Bree
282,Ground-Beef-Bulgogi-1286788,4,Ground Beef Bulgogi,Nosh My Way
283,Thai-Stir-fried-Chicken-With-Cashew-Nuts-1684025,4,Thai Stir-fried Chicken With Cashew Nuts,DelishPlan
284,Quick-Beef-Stir-Fry-1608999,4,Quick Beef Stir-Fry,AllRecipes
285,Honey-Soy-Chicken-605100,3,Honey Soy Chicken,Taste and Tell
286,Thai-Green-Chicken-Curry-1103472,3,Thai Green Chicken Curry,BBC
287,Suon-Nuong-_Vietnamese-Pork-Chops_-442797,5,Suon Nuong (Vietnamese Pork Chops),Saveur
288,ASIAN-CHICKEN-SOFT-TACOS-1625101,4,ASIAN CHICKEN SOFT TACOS,Living on Cloud Nine
289,CrockPot-Korean-Ribs-1090743,4,CrockPot Korean Ribs,A Year of Slow Cooking Blog
290,Asian_style-Flank-Steak-Epicurious,5,Asian-Style Flank Steak,Epicurious
291,Jet-Tilas-Drunken-Noodles-981419,4,Jet Tila’s Drunken Noodles,Average Betty
292,Bulgogi-Recipe---Korean-Barbecue-Beef--960767,4,Bulgogi Recipe - Korean Barbecue Beef 불고기,Savory Sweet Life
293,Thai-Pork-Patties-1074841,3,Thai Pork Patties,Delicious Magazine
294,Healthy-Crockpot-Sesame-Chicken-676944,4,Healthy Crockpot Sesame Chicken,A Little Claireification
295,Simple-Sesame-Garlic-Buddha-Bowl-1593198,4,Simple Sesame Garlic Buddha Bowl,Cheftographer
296,Asian-Steak-and-Peppers-1047817,4,Asian Steak and Peppers,Food Huntress
297,Best-Mutton-Keema-Recipe-Lamb-Keema-1202489,4,Best Mutton Keema Recipe-Lamb Keema,Fa's Kitchen
298,Thai-ginger-chicken-stir-fry-_gai-pad-khing_-357803,5,Thai Ginger Chicken Stir-Fry (Gai Pad Khing),The Kitchn
299,Quinoa-_-Vegetable-Stir-Fry-685750,4,Quinoa & Vegetable Stir Fry,Skinny Ms
300,Honey-and-Wasabi-Salmon-984663,3,Honey and Wasabi Salmon,Paleo Magazine
301,Lemongrass-Beef-1618496,3,Lemongrass Beef,Donna Hay
302,Asian-Grilled-Flank-Steak-1632515,4,Asian Grilled Flank Steak,Joyful Healthy Eats
303,Garlicky-Shrimp-Stir-frywith-Shiitakes-and-Bok-Choy-1626935,4,Garlicky Shrimp Stir-fry with Shiitakes and Bok Choy,Skinnytaste
304,Grilled-Thai-Pork-Salad-1642586,4,Grilled Thai Pork Salad,Popular Paleo
305,General-Tsos-Chicken-_-4-Smartpoints-_-1565936,4,General Tso’s Chicken ( 4 Smartpoints ),Smart Points Recipes
306,Pho-1634657,4,Phở,Kiss My Bowl
307,Korean-BBQ-Eggplant-Tacos-1679067,4,Korean BBQ Eggplant Tacos,It Doesn't Taste Like Chicken
308,Asian-Noodles-with-Chicken-and-Vegetables-989582,4,Asian Noodles with Chicken and Vegetables,Mom Foodie
309,Thai-Chicken-Fried-Rice-1572922,4,Thai Chicken Fried Rice,Skinnytaste
310,Curry-Kapitan-1683043,4,Curry Kapitan,Theboywhoatetheworld
311,Slow-Cooker-Asian-Chicken-Lettuce-Wraps-1595919,4,Slow Cooker Asian Chicken Lettuce Wraps,Cooking Classy
312,Easy-Miso-Chicken-Ramen-978732,4,Easy Miso-Chicken Ramen,Eating Well
313,Grilled-ginger-soy-pork-chops-309763,5,Grilled Ginger-Soy Pork Chops,Kalyn's Kitchen
314,Sukiyaki-Beef-1513445,4,Sukiyaki Beef,Taste and Tell
315,Vietnamese-Pork-Chops-1054249,3,Vietnamese Pork Chops,Bon Appétit
316,Cheater-Pad-Thai-530614,4,Cheater Pad Thai,Steamy Kitchen
317,Vietnamese-Crispy-Fish-with-Cilantro-1094137,4,Vietnamese Crispy Fish with Cilantro,"Hunter, Angler, Gardener, Cook"
318,Vietnamese-Style-Pork-Chops-with-Fresh-Herb-Salad-1679725,3,Vietnamese-Style Pork Chops with Fresh Herb Salad,Bon Appétit
319,Spicy-Seafood-Combo-1575527,4,Spicy Seafood Combo,DelishPlan
320,Sweet-and-Spicy-Asian-Chicken-Tenders-1603043,4,Sweet and Spicy Asian Chicken Tenders,Chef Savvy
321,Stir-fried-Carrot-Noodles-with-Chicken-1631478,4,Stir-fried Carrot Noodles with Chicken,The Woks of Life
322,Honey-Teriyaki-Chicken-1012017,4,Honey Teriyaki Chicken,Frugality Gal
323,Thai-Coconut-Curry-Vegetables-_Meatless-Monday_-1690148,4,Thai Coconut Curry Vegetables {Meatless Monday},Craving Something Healthy
324,Shrimp-Chow-Mein-1566383,4,Shrimp Chow Mein,Rasa Malaysia
325,Korean-bbq-ribs-365450,5,Korean BBQ Ribs,Jo Cooks
326,Spicy-Korean-Pork-Skewers-636616,3,Spicy Korean Pork Skewers,Culinary.net
327,Turmeric-Chicken-1630238,4,Turmeric Chicken,Rasa Malaysia
328,Lemongrass-Pork-Satay-441596,5,Lemongrass Pork Satay,Saveur
329,One-Pan-Spaghetti-Squash-Chow-Mein-_Grain-Free_-1595514,4,One-Pan Spaghetti Squash Chow Mein (Grain-Free),Grok Grub
330,Japanese-Ramen-Noodles-1642817,4,Japanese Ramen Noodles,Delightful Mom Food
331,Coconut-Chilli-Chicken-579077,3,Coconut Chilli Chicken,BBC
332,Sesame-Tofu-1045894,4,Sesame Tofu,The Spice Train
333,Ramen-Chicken-Noodle-Bowl-1637395,3,Ramen Chicken Noodle Bowl,Perdue.com
334,Thai-Spicy-Minced-Basil-Chicken-1571029,4,Thai Spicy Minced Basil Chicken,The Neighborhood Moms
335,Asian-Barbecue-Salman-1598279,4,Asian Barbecue Salman,WW Recipes
336,Steamed-Bangus-with-Black-Bean-Garlic-Sauce-1642877,4,Steamed Bangus with Black Bean Garlic Sauce,All FIsh Seafood Recipes
337,BRAISED-PORK-RIBS-WITH-BEAN-PASTE-1680585,4,BRAISED PORK RIBS WITH BEAN PASTE,What To Cook Today
338,Vietnamese-Inspired-Beef-Stir-Fry-1001448,4,Vietnamese Inspired Beef Stir Fry,Nosh My Way
339,Noodles-with-Spicy-Ground-Pork-1524750,4,Noodles with Spicy Ground Pork,Smoky Wok
340,Kimchi-Jigae-480665,4,Kimchi Jigae,No Recipes
341,Chopsuey-971609,4,Chopsuey,Kawaling Pinoy
342,Simple-Soba-Noodle-Stir-Fry-1634724,4,Simple Soba Noodle Stir Fry,The Wanderlust Kitchen
343,Healthy-Cauliflower-Fried-Rice-1309308,4,Healthy Cauliflower Fried “Rice”,Eat Yourself Skinny
344,Peanut-Noodles-978007,4,Peanut Noodles,The Girl Who Ate Everything
345,Mongolian-Soy-Curls-1680368,4,Mongolian Soy Curls,Brand New Vegan
346,Slow-Cooker-Teriyaki-Chicken-1643574,4,Slow Cooker Teriyaki Chicken,I Wash You Dry
347,5-minute-Faux-Pho-1022466,4,5-minute Faux Pho,The Wicked Noodle
348,How-To-Make-Homemade-Takeout-with-Blue-Dragon-Sauces-_GIVEAWAY_-999895,4,How To Make Homemade Takeout with Blue Dragon Sauces {GIVEAWAY},FoodySchmoody
349,Chicken-Tinola-1579833,4,Chicken Tinola,Speedy Recipe
350,Chicken-and-Broccoli-Stir-Fry-1071438,4,Chicken and Broccoli Stir Fry,Fit Foodie Finds
351,Korean-Japchae-Glass-Noodles-Recipe---Super-Foods-Version_-593171,4,Korean Japchae Glass Noodles Recipe - Super Foods Version!,Steamy Kitchen
352,Thai-Style-Beef-and-Broccoli-Curry-1361041,4,Thai-Style Beef and Broccoli Curry,Taste
353,Thai-Fish-Red-Curry-1053023,4,Thai Fish Red Curry,Flavor Quotient
354,20-Minute-Sweet-and-Sour-Shrimp-Stir-Fry-1601815,4,20-Minute Sweet and Sour Shrimp Stir-Fry,Just a Taste
355,Sweet-and-Spicy-Pork-Stir-Fry-1633762,4,Sweet and Spicy Pork Stir Fry,Hezzi-D's Books and Cooks
356,Crispy-Tofu-Black-Rice-Bowl-1561498,4,Crispy Tofu Black Rice Bowl,eat love eat
357,Fragrant-Thai-Massaman-Chicken-Curry-1686537,3,Fragrant Thai Massaman Chicken Curry,Thai Food About.com
358,Asian-Beef-Skewers-1608061,4,Asian Beef Skewers,AllRecipes
359,Thai-Pineapple-Fried-Rice-1622757,4,Thai Pineapple Fried Rice,Curious Nut
360,Thai-Pineapple-Fried-Rice-1173812,4,Thai Pineapple Fried Rice,Rasa Malaysia
361,Salmon-Teriyaki-Skewers-with-Pineapple-Simply-Recipes-42831,5,Salmon Teriyaki Skewers with Pineapple,Simply Recipes
362,Pad-Thai-1221637,4,Pad Thai,The Woks of Life
363,Soy-grilled-shrimp-with-asian-veggies-309827,4,Soy-Grilled Shrimp with Asian Veggies,Kalyn's Kitchen
364,Chicken-Panang-Curry-with-Cauliflower-Rice-1164953,4,Chicken Panang Curry with Cauliflower Rice,Paleo Grubs
365,Marinated-Korean-BBQ-Beef-1005320,4,Marinated Korean BBQ Beef,Serena Bakes Simply from Scratch
366,Mongolian-Beef-from-the-Slow-Cooker-1689159,4,Mongolian Beef from the Slow Cooker,AllRecipes
367,Thai-Shrimp-and-Pineapple-Curry-497042,4,Thai Shrimp and Pineapple Curry,Rasa Malaysia
368,Beef-Negimaki-1681876,4,Beef Negimaki,Culinary Adventures with Camilla
369,Steam-Chicken-1020570,4,Steam Chicken,The Recipes Pakistan
370,Stir-Fried-Shrimp-with-Oyster-Sauce-1637104,4,Stir-Fried Shrimp with Oyster Sauce,All FIsh Seafood Recipes
371,Easy-Larb-Chicken-Recipe-with-Chicken-1566715,4,Easy Larb Chicken Recipe with Chicken,Posh Journal
372,Pad-Kee-Mao-Recipe-Thai-Drunken-Noodles-1107181,4,Pad Kee Mao Recipe – Thai Drunken Noodles,Fox Valley Foodie
373,Teriyaki-Pork-Tenderloin-TasteOfHome,5,Teriyaki Pork Tenderloin,Taste of Home
374,Singapore-Chili-Prawns-555242,4,Singapore Chili Prawns,Closet Cooking
375,Asian-Turkey-Meatballs-1122733,4,Asian Turkey Meatballs,The Healthy Home Cook
376,Chap-Chae-565082,3,Chap Chae,Yummy
377,Steak-Fried-Rice-1625229,4,Steak Fried Rice,An Affair From The Heart
378,Singapore-Noodles-1586462,4,Singapore Noodles,FOOD TO LOVE
379,Chili-Lime-Flank-Steak-with-Cold-Asian-Pasta-Salad-1698231,4,Chili Lime Flank Steak with Cold Asian Pasta Salad,If It Bakes You Happy
380,Stir-Fry-Sesame-Chicken-1577159,4,Stir-Fry Sesame Chicken,Skinny Ms
381,Asian-Glazed-Drumsticks-1587116,4,Asian Glazed Drumsticks,Skinnytaste
382,One-Pan-Chicken-Teriyaki-1514924,4,One Pan Chicken Teriyaki,The Grant Life
383,Stir-Fried-Noodles-with-Chicken-989325,3,Stir-Fried Noodles with Chicken,Recipe.com
384,Panang-Tofu-Curry-Epicurious,4,Panang Tofu Curry,Epicurious
385,Salty_-Spicy_-Sweet-and-Sticky-Asian-Chicken-530628,4,"Salty, Spicy, Sweet and Sticky Asian Chicken",Barefeet In The Kitchen
386,General-Tso_s-Chicken-_Low-Carb_-1112655,4,General Tso's Chicken {Low Carb},Nosh My Way
387,Thai-Style-Ginger-_-Sweet-Red-Chili-Shrimp-1019892,5,Thai-Style Ginger & Sweet Red Chili Shrimp,Once Upon A Chef
388,Quorn-Meat-Free-Chikn-Tenders-Thai-Red-Curry-with-Mango-1686304,3,Quorn Meat Free Chik’n Tenders Thai Red Curry with Mango,Quorn Brand
389,Scallops-With-Asian-Dressing-1586478,4,Scallops With Asian Dressing,FOOD TO LOVE
390,Indonesian-Prawn-Curry--1639129,3,Indonesian Prawn Curry 印尼咖喱虾,Huang Kitchen
391,Caramelized-Black-Pepper-Chicken-1223219,4,Caramelized Black Pepper Chicken,Just a Taste
392,Quick-Pad-Thai-1164994,4,Quick Pad Thai,Gluten Free With L.B.
393,Slow-Cooker-Country-Ribs-with-Asian-Style-Black-Bean-Sauce-1579451,4,Slow Cooker Country Ribs with Asian-Style Black Bean Sauce,One Perfect Bite
394,Chicken-Pho-1036448,3,Chicken Pho,Delicious Magazine
395,Paleo-Crockpot-Mongolian-Beef-638072,4,Paleo Crockpot Mongolian Beef,Once a Month Meals
396,Smoky-Beef-Ribs-with-Sriracha-BBQ-Beer-Sauce-593454,4,Smoky Beef Ribs with Sriracha BBQ Beer Sauce,Droolworthy
397,Thai-Peanut-Chicken-Saute-1580738,4,Thai Peanut Chicken Saute,Closet Cooking
398,Asian-Grilled-Chicken-1083318,4,Asian Grilled Chicken,Rachel Cooks
399,Super-Veggie-Peanut-Sauce-Stir-Fry-_Vegan_-Gluten-Free_-1681594,3,"Super Veggie Peanut Sauce Stir Fry [Vegan, Gluten-Free]",One Green Planet
400,Sweet-and-Sour-Fish-1402599,3,Sweet and Sour Fish,RecipesPlus
401,Coconut-curried-shrimp-348587,5,Coconut Curried Shrimp,Every Day with Rachael Ray
402,Thai-Larb-Chicken-Lettuce-Cups-1021416,5,Thai Larb Chicken Lettuce Cups,White on Rice Couple
403,Pesang-Isda-792482,4,Pesang Isda,Panlasang Pinoy
404,Slow-Cooker-Korean-Beef-1206789,4,Slow Cooker Korean Beef,Real Mom Kitchen
405,Singapore-Style-Rice-Noodles-with-Tofu-and-Vegetables-1630012,3,Singapore-Style Rice Noodles with Tofu and Vegetables,Vegan.com
406,Alaskan-Cod-with-Thai-Red-Curry-Simmer-Sauce-1617323,3,Alaskan Cod with Thai Red Curry Simmer Sauce,Saffron Road
407,Beef-Rendang-480487,4,Beef Rendang,No Recipes
408,Easy-Stir-Fry-Chicken-Teriyaki-Recipe-In-Under-30-Minutes-1281524,4,Easy Stir Fry Chicken Teriyaki Recipe In Under 30 Minutes,Appetizer Girl
409,Ginger-poached-noodles-308723,5,Ginger-Poached Noodles,101 Cookbooks
410,Sweet-Asian-Baked-Chicken-Drumsticks-1600423,4,Sweet Asian Baked Chicken Drumsticks,Big Flavors from a Tiny Kitchen
411,Dried-Spicy-Beef-Recipe-_Kho-Bo_-992246,4,Dried Spicy Beef Recipe (Khô Bò),Vietnamesefood
412,Thai-red-curry-mussels-308221,5,Thai Red Curry Mussels,The Kitchn
413,Garlic-Hunan-Beef-1513349,3,Garlic Hunan Beef,Dinner Then Dessert
414,Crock-Pot-Teriyaki-Chicken-1511703,4,Crock Pot Teriyaki Chicken,Well Plated
415,Easy-Vegetarian-Pad-Thai-Noodle-Recipe-_Vegan_-Gluten-free-Option_-1038979,3,"Easy Vegetarian Pad Thai Noodle Recipe (Vegan, Gluten-free Option)",Vegetarian About.com
416,Buckwheat-Soy-and-Sesame-Noodle-Bowl-with-Crunchy-Vegetables-1636133,4,Buckwheat Soy and Sesame Noodle Bowl with Crunchy Vegetables,Heather Christo
417,Better-Than-Changs-Lo-Mein-1377484,4,Better Than Changs Lo Mein,familysavvy.com
418,Chicken-Gyoza-Recipe-with-Yuzu-Kosho-512847,4,Chicken Gyoza Recipe with Yuzu Kosho,Just One Cookbook
419,Pork-fried-rice-348023,5,Pork Fried Rice,Every Day with Rachael Ray
420,Crockpot-Korean-Beef-Tacos-with-Cucumber-Slaw-771798,4,Crockpot Korean Beef Tacos with Cucumber Slaw,Confections of a Foodie Bride
421,Beef-Rendang-Brisket-1611794,4,Beef Rendang Brisket,Panning the Globe
422,CPK-Inspired-Thai-Chicken-Pasta-1203185,3,CPK Inspired Thai Chicken Pasta,Dinner Then Dessert
423,Sticky-coconut-chicken-364976,4,Sticky Coconut Chicken,Eat at Home
424,Slow-Cooker-Thai-Green-Curry-Chicken-1627254,3,Slow-Cooker Thai Green Curry Chicken,Clean Eating
425,Miracle-Noodle-Chicken-Pad-Thai-1235989,4,Miracle Noodle Chicken Pad Thai,EMC2 Health
426,Thai-Peanut-Chicken_-Edamame-_-Quinoa-Stir-Fry-1631789,4,"Thai Peanut Chicken, Edamame & Quinoa Stir Fry",Ambitious Kitchen
427,Buddha_s-Delight-1583821,4,Buddha's Delight,Dinner at the Zoo
428,Chilli-Tofu-1060052,4,Chilli Tofu,Spices Galore
429,Thai-Curried-Noodles-with-Broccoli-and-Tofu-1624829,3,Thai Curried Noodles with Broccoli and Tofu,Vegetarian Times
430,Ginger-Shrimp-532812,5,Ginger Shrimp,Serious Eats
431,Simple-Udon-Noodle-Stir-Fry-1281265,4,Simple Udon Noodle Stir Fry,Slap Dash
432,How-To-Make-Hoisin-Duck-Noodles-1577088,4,How To Make Hoisin Duck Noodles,Food Republic
433,Turning-up-the-heat-on-Thai-Style-Red-Duck-Curry-1615010,4,Turning up the heat on Thai Style Red Duck Curry,Boy Eats World
434,Chicken-Massaman-Curry-Allrecipes,4,Chicken Massaman Curry,AllRecipes
435,Thai-Basil-Chicken-1583767,4,Thai Basil Chicken,Tastes Better from Scratch
436,Chicken-Tinola-AllRecipes,5,Chicken Tinola,AllRecipes
437,Asian-Stir-Fry-Noodles-1633154,4,Asian Stir Fry Noodles,12Tomatoes
438,Quick-Asian-Style-Shrimp-Saute-1165744,4,Quick Asian Style Shrimp Saute,Impeckable Eats
439,Asian-Beef-Skewers-1342055,4,Asian Beef Skewers,AlloverUnique
440,One-Pot-Spicy-Thai-Noodles-1133887,4,One Pot Spicy Thai Noodles,Domestic Superhero
441,Panang-Curry-with-Beef-Recipe-_Kaeng-Phanaeng-Neua_-1229776,4,Panang Curry with Beef Recipe (Kaeng Phanaeng Neua),Templeofthai.com
442,Tokwat-Baboy-970238,4,Tokwa’t Baboy,Kawaling Pinoy
443,Slow-Cooker-Spicy-Cashew-Chicken-1592415,4,Slow Cooker Spicy Cashew Chicken,Creme de la Crumb
444,Thit-Kho-Recipe---_Vietnamese-Braised-Pork-with-Eggs_-1364532,3,Thịt Kho Recipe - (Vietnamese Braised Pork with Eggs),Hungry Huy
445,Rice-_-Korean-Beef-Bowls-_Tigelas-com-Arroz-_-Carne-Estilo-Coreana_-1172480,4,Rice & Korean Beef Bowls (Tigelas com Arroz & Carne Estilo Coreana),Sweet Caroline's Corner
446,Tea-Smoked-Five-Spice-Salmon-1686274,4,Tea-Smoked Five Spice Salmon,Feasting at Home
447,Slow-Cooker-Beef-Hotpot-749806,3,Slow Cooker Beef Hotpot,BBC
448,Crockpot-Mongolian-Beef-623485,3,Crockpot Mongolian Beef,Once a Month Meals
449,Vegetable-Ramen-Pad-Thai-1534937,3,Vegetable Ramen Pad Thai,Tablespoon
450,Vegan-Sesame-Orange-Seitan-768294,4,Vegan Sesame Orange Seitan,Vedged Out
451,P_-F_-Chang_s-Mongolian-Beef-1201402,4,P. F. Chang's® Mongolian Beef,Food For A Hungry Soul
452,Spicy-Peanut-Tofu-Stir-Fry-1613577,4,Spicy Peanut Tofu Stir Fry,Little Spice Jar
453,Thai-Basil-Chicken-Recipe-_Gai-Pad-Krapow_-497312,4,Thai Basil Chicken Recipe (Gai Pad Krapow),Rasa Malaysia
454,Kung-Pao-Chickpeas-1111099,4,Kung Pao Chickpeas,The Chunky Chef
455,Tofu-Veggie-Stir-Fry-1678655,4,Tofu Veggie Stir Fry,Mountain Mama Cooks
456,Stir-fry-Crispy-Shredded-Beef-With-Carrot-1586422,4,Stir-fry Crispy Shredded Beef With Carrot,FOOD TO LOVE
457,Sriracha-Soy-Chicken-1546435,4,Sriracha Soy Chicken,shrinkingsingle.com
458,Vietnamese-Pork-Meatballs-with-Mint-1614450,3,Vietnamese Pork Meatballs with Mint,Gourmandize Community
459,Tasty-thai-chicken-353966,4,Tasty Thai Chicken,Unilever North America
460,Spicy-Asian-BBQ-Ribs-1053754,4,Spicy Asian BBQ Ribs,Pack Momma
461,Asian-chicken-dumplings-373433,3,Asian Chicken Dumplings,Every Day with Rachael Ray
462,Teriyaki-Fish-1586413,4,Teriyaki Fish,FOOD TO LOVE
463,Dandan-Noodles-1599730,4,Dandan Noodles,Dinner with Julie
464,Lemongrass-Steamed-Barramundi-1184146,3,Lemongrass Steamed Barramundi,Whole Foods Market
465,Simple-Coconut-Chicken-Curry-596440,4,Simple Coconut Chicken Curry,Half Baked Harvest
466,Grilled-Asian-BBQ-Chicken-_-Green-Onions-1654486,4,Grilled Asian BBQ Chicken & Green Onions,Clean-Eating Recipes
467,Panang-Curry-684898,3,Panang Curry,Chef Chloe
468,Quick-Asian-Skillet-_Budget-Friendly__-1041354,4,Quick Asian Skillet (Budget Friendly!),Southern Plate
469,Thai-thighs-348777,4,Thai Thighs,Every Day with Rachael Ray
470,Baked-Pork-and-Napa-Cabbage-Egg-Rolls-1444128,4,Baked Pork and Napa Cabbage Egg Rolls,Simple Seasonal
471,Prawn-And-Pak-Choi-Stir-fry-677960,3,Prawn And Pak Choi Stir-fry,Good Housekeeping UK
472,Teriyaki-Salmon-Recipe-_Grain-Free_-Paleo_-1597809,4,"Teriyaki Salmon Recipe (Grain-Free, Paleo)",Deliciously Organic
473,Organic-Ramen-with-Sesame-and-Spicy-Chili-Seasoning-643616,4,Organic Ramen with Sesame and Spicy Chili Seasoning,Divine Healthy Food
474,Salmon-Poke-1618220,4,Salmon Poke,Sifted Not Stirred
475,Shrimp-Cauliflower-Fried-Rice-Bowls-1585994,4,Shrimp-Cauliflower Fried “Rice” Bowls,Meal Planning Maven - Linda S.
476,Coconut-curry-shrimp-with-coconut-rice-336075,5,Coconut Curry Shrimp with Coconut Rice,Steamy Kitchen
477,Chicken-Satay-514503,5,Chicken Satay,Steamy Kitchen
478,Thai-style-Fish-With-Coconut-Sauce-1586474,4,Thai-style Fish With Coconut Sauce,FOOD TO LOVE
479,Oven-Baked-Teriyaki-Salmon-1133260,4,Oven-Baked Teriyaki Salmon,Baking With Blondie
480,Thai-beef-tacos-333462,5,Thai Beef Tacos,How Sweet It Is
481,Wild-Cod-with-Sizzling-Vegetables-and-Thai-Flavor-1599464,4,Wild Cod with Sizzling Vegetables and Thai Flavor,Seduction Meals
482,Spicy-Asian-Salmon-Noodle-Salad-1683605,4,Spicy Asian Salmon Noodle Salad,Shutterbean
483,Chicken-Fried-Rice-1564290,4,Chicken Fried Rice,Lisa Eats
484,Teriyaki-Turkey-Rice-Bowl-1292084,4,Teriyaki Turkey Rice Bowl,Yellow Bliss Road
485,Baked-Honey-Sesame-Chicken-1021855,4,Baked Honey Sesame Chicken,Damn Delicious
486,Spicy-Chicken-Cashew-Noodles-1624479,4,Spicy Chicken Cashew Noodles,I Knead to Eat
487,Spicy-Garlic-Soy-Tofu-in-10-minutes-1240797,4,Spicy Garlic Soy Tofu in 10 minutes,Relish The Bite
488,Hoisin-Glazed-Chicken-with-Five-Spice-Broth-1597721,3,Hoisin-Glazed Chicken with Five-Spice Broth,Canadian Living
489,Miso-Roasted-Chicken-1236134,4,Miso Roasted Chicken,Platings and Pairings
490,Beef-Yakisoba-1593316,4,Beef Yakisoba,Sandra's Easy Cooking
491,Korean-beef-rice-bowl-315050,5,Korean Beef Rice Bowl,Steamy Kitchen
492,Soy-and-Ginger-Marinated-Pork-Chops-Martha-Stewart-197878,4,Soy-and-Ginger-Marinated Pork Chops,Martha Stewart
493,Soba-Noodles-with-Kale_-Tofu_-and-Furikake-1249971,4,"Soba Noodles with Kale, Tofu, and Furikake",Gastronomy Blog
494,Stir-Fried-Cabbage-and-Pork-899993,4,Stir Fried Cabbage and Pork,Lynn's Kitchen Adventures
495,Korean-Spicy-Marinated-Pork-_Dae-Ji-Bool-Gogi_-1678728,4,Korean Spicy Marinated Pork (Dae Ji Bool Gogi),AllRecipes
496,Korean-Bibimbap-Recipe---Paleo-and-Low-Carb-1027212,4,Korean Bibimbap Recipe - Paleo and Low-Carb,Steamy Kitchen
497,Sesame-Crusted-Tofu-762412,4,Sesame Crusted Tofu,Best Healthly Low-Carb Diet
498,Joa_s-bourbon-chicken-365397,5,Bourbon Chicken,Jo Cooks
499,Asian-style-roasted-quail-365274,5,Asian Style Roasted Quail,Jo Cooks
