,index,Appetizers,Beverages,Breads,Breakfast and Brunch,Cocktails,Condiments and Sauces,Desserts,Lunch,Main Dishes,Salads,Side Dishes,Snacks,Soups
0,20-Mediterranean-Hummus-Noodles-with-Blistered-Cherry-Tomatoes_-1171512,0,0,0,0,0,0,0,0,1,0,0,0,0
1,Alaskan-Cod_-Mediterranean-Style-983841,0,0,0,0,0,0,0,0,1,0,0,0,0
2,Alex_s-favorite-baked-chicken-mediterranean-344901,0,0,0,0,0,0,0,0,1,0,0,0,0
3,Amazing-Mediterranean-Style-Baked-Trout-Recipe-in-a-Hurry-1621233,0,0,0,0,0,0,0,0,1,0,0,0,0
4,Bacon-Wrapped-Mediterranean-Stuffed-Grilled-Chicken-1116263,0,0,0,0,0,0,0,0,1,0,0,0,0
5,Baked-Falafel-with-Lemon-Tahini-Sauce-1551879,0,0,0,0,0,0,0,0,1,0,0,0,0
6,Baked-Greek-Shrimp-With-Tomatoes-and-Feta-1251635,0,0,0,0,0,0,0,0,1,0,0,0,0
7,Baked-Mediterranean-Chicken-1164957,0,0,0,0,0,0,0,0,1,0,0,0,0
8,Baked-Mediterranean-Chicken-Breasts-with-Tomatoes_-Olives_-Capers_-and-Garlic-985326,0,0,0,0,0,0,0,0,1,0,0,0,0
9,Baked-Mediterranean-Mahi-Mahi-1712844,0,0,0,0,0,0,0,0,1,0,0,0,0
10,Baked-Mediterranean-Red-Snapper-1502842,0,0,0,0,0,0,0,0,1,0,0,0,0
11,Baked-Mediterranean-Red-Snapper-1530156,0,0,0,0,0,0,0,0,1,0,0,0,0
12,Baked-Shrimp-Stew-in-a-Mediterranean-Chunky-Tomato-Sauce-1001408,0,0,0,0,0,0,0,0,1,0,0,0,0
13,Balsamic-Grilled-Chicken-with-Mediterranean-Salsa-483019,0,0,0,0,0,0,0,0,1,0,0,0,0
14,Beef-Gyros-with-Tzatziki-Sauce-1087236,0,0,0,0,0,0,0,0,1,0,0,0,0
15,Bone-in-Pork-Loin-with-Mediterranean-Flavors-1200604,0,0,0,0,0,0,0,0,1,0,0,0,0
16,Braised-Chicken-Thighs-with-Artichokes-and-Greek-Olives-1540402,0,0,0,0,0,0,0,0,1,0,0,0,0
17,Braised-Chicken-with-Mediterranean-Wine-Sauce-456464,0,0,0,0,0,0,0,0,1,0,0,0,0
18,Braised-Mediterranean-Chicken-1615589,0,0,0,0,0,0,0,0,1,0,0,0,0
19,Braised-mediterranean-chicken-with-olives-298475,0,0,0,0,0,0,0,0,1,0,0,0,0
20,Bulgur-With-Swiss-Chard_-Chickpeas-and-Feta-1039652,0,0,0,0,0,0,0,0,1,0,0,0,0
21,Cauliflower-And-Quinoa-Burgers-With-Greek-Salad-1222296,0,0,0,0,0,0,0,0,1,0,0,0,0
22,Cheesy-Chicken-Mediterranean-Pasta-Bake-1087727,0,0,0,0,0,0,0,0,1,0,0,0,0
23,Chicken-souvlaki-309582,0,0,0,0,0,0,0,0,1,0,0,0,0
24,Chicken-with-Olives-603824,0,0,0,0,0,0,0,0,1,0,0,0,0
25,Chicken_-Artichoke-_-Baby-Potato-Roast-with-Greek-Herbs-_-Lemon-1115476,0,0,0,0,0,0,0,0,1,0,0,0,0
26,Chopped-Grilled-Vegetable-Bowl-with-Farro-and-Fresh-Coast-Retreat-1712375,0,0,0,0,0,0,0,0,1,0,0,0,0
27,Cocktail-Mediterranean-Lamb-Meatballs-989854,0,0,0,0,0,0,0,0,1,0,0,0,0
28,Cousin-Cosmo_s-Greek-Chicken-AllRecipes,0,0,0,0,0,0,0,0,1,0,0,0,0
29,Crispy-Salmon-with-Greek-Orzo-1685882,0,0,0,0,0,0,0,0,1,0,0,0,0
30,Crockpot-Mediterranean-Chicken-Ragu-with-Orecchiette-1019955,0,0,0,0,0,0,0,0,1,0,0,0,0
31,Easy-Greek-Chicken-Gryos-1184815,0,0,0,0,0,0,0,0,1,0,0,0,0
32,Easy-Mediterranean-Grilled-Chicken-1240418,0,0,0,0,0,0,0,0,1,0,0,0,0
33,Easy-Traditional-Greek-Gyros_-596424,0,0,0,0,0,0,0,0,1,0,0,0,0
34,Eggplant-Casserole-1531505,0,0,0,0,0,0,0,0,1,0,0,0,0
35,Faith_s-Greek-Shrimp-Couscous_-Feta_-Olives-_-Lemon-1051318,0,0,0,0,0,0,0,0,1,0,0,0,0
36,Feta-Shrimp-Skillet-1113320,0,0,0,0,0,0,0,0,1,0,0,0,0
37,Feta-Shrimp-Skillet-1603723,0,0,0,0,0,0,0,0,1,0,0,0,0
38,Flounder-Mediterranean-946450,0,0,0,0,0,0,0,0,1,0,0,0,0
39,Garlic-Feta-Lamb-Burgers-With-Cucumber-Yogurt-Sauce-638700,0,0,0,0,0,0,0,0,1,0,0,0,0
40,Garlic-Herb-Mediterranean-Chicken-and-Lemon-Potatoes-1146111,0,0,0,0,0,0,0,0,1,0,0,0,0
41,Garlic-Shrimp-My-Recipes_1,0,0,0,0,0,0,0,0,1,0,0,0,0
42,Garlicky-Greek-Chicken-and-a-_ChickenDotca-Giveaway-1032127,0,0,0,0,0,0,0,0,1,0,0,0,0
43,Greek--Style-Shrimp-Scampi-w_-Whole-Wheat-Spaghetti-471906,0,0,0,0,0,0,0,0,1,0,0,0,0
44,Greek-Baked-Scallops-Santorini-1545890,0,0,0,0,0,0,0,0,1,0,0,0,0
45,Greek-Beef-Kabobs-with-Cucumber-Salad-1180599,0,0,0,0,0,0,0,0,1,0,0,0,0
46,Greek-Braised-Chicken-Thighs-1192898,0,0,0,0,0,0,0,0,1,0,0,0,0
47,Greek-Braised-Cod-with-Tomatoes-and-Kalamata-Olives-1677969,0,0,0,0,0,0,0,0,1,0,0,0,0
48,Greek-Brown-Rice-Bowls-1561418,0,0,0,0,0,0,0,0,1,0,0,0,0
49,Greek-Chicken-Allrecipes_1,0,0,0,0,0,0,0,0,1,0,0,0,0
50,Greek-Chicken-Bowl-with-Watermelon-and-Feta-1689732,0,0,0,0,0,0,0,0,1,0,0,0,0
51,Greek-Chicken-Cutlets-1366175,0,0,0,0,0,0,0,0,1,0,0,0,0
52,Greek-Chicken-Cutlets-Martha-Stewart,0,0,0,0,0,0,0,0,1,0,0,0,0
53,Greek-Chicken-Flatbread-1566431,0,0,0,0,0,0,0,0,1,0,0,0,0
54,Greek-Chicken-Kebabs-with-Tzatziki-Sauce-1190126,0,0,0,0,0,0,0,0,1,0,0,0,0
55,Greek-Chicken-Meatballs-1424954,0,0,0,0,0,0,0,0,1,0,0,0,0
56,Greek-Chicken-Pasta-1601849,0,0,0,0,0,0,0,0,1,0,0,0,0
57,Greek-Chicken-Pasta-471967,0,0,0,0,0,0,0,0,1,0,0,0,0
58,Greek-Chicken-Quinoa-Bowl-1231259,0,0,0,0,0,0,0,0,1,0,0,0,0
59,Greek-Chicken-Quinoa-Bowls-1026110,0,0,0,0,0,0,0,0,1,0,0,0,0
60,Greek-Chicken-Souvlaki-1542643,0,0,0,0,0,0,0,0,1,0,0,0,0
61,Greek-Chicken-Souvlaki-with-Yogurt-Sauce-1541959,0,0,0,0,0,0,0,0,1,0,0,0,0
62,Greek-Chicken-Stew-1297027,0,0,0,0,0,0,0,0,1,0,0,0,0
63,Greek-Chicken-Stew-With-Cauliflower-and-Olives-1200310,0,0,0,0,0,0,0,0,1,0,0,0,0
64,Greek-Chicken-Tacos-with-Tzatziki-Sauce-1686547,0,0,0,0,0,0,0,0,1,0,0,0,0
65,Greek-Chicken-Tacos-with-Whipped-Feta-1127328,0,0,0,0,0,0,0,0,1,0,0,0,0
66,Greek-Chicken-Tacos-with-Whipped-Feta-1627400,0,0,0,0,0,0,0,0,1,0,0,0,0
67,Greek-Chicken-and-Pita-Casserole-758210,0,0,0,0,0,0,0,0,1,0,0,0,0
68,Greek-Chicken-and-Pita-Casserole-759250,0,0,0,0,0,0,0,0,1,0,0,0,0
69,Greek-Chicken-and-Potatoes-1023353,0,0,0,0,0,0,0,0,1,0,0,0,0
70,Greek-Chicken-and-Zucchini-Skewers-514928,0,0,0,0,0,0,0,0,1,0,0,0,0
71,Greek-Chicken-with-Angel-Hair-Pasta-1540392,0,0,0,0,0,0,0,0,1,0,0,0,0
72,Greek-Chicken-with-Olives_-Feta-and-Tomatoes-1019689,0,0,0,0,0,0,0,0,1,0,0,0,0
73,Greek-Chicken-with-Tomatoes_-Cauliflower-and-Feta-1703769,0,0,0,0,0,0,0,0,1,0,0,0,0
74,Greek-Dill-and-Lemon-Lamb-1400531,0,0,0,0,0,0,0,0,1,0,0,0,0
75,Greek-Diner-Marinade-590695,0,0,0,0,0,0,0,0,1,0,0,0,0
76,Greek-Feta-_-Tomato-1255295,0,0,0,0,0,0,0,0,1,0,0,0,0
77,Greek-Fish-Florentine-490494,0,0,0,0,0,0,0,0,1,0,0,0,0
78,Greek-Goulash-1596876,0,0,0,0,0,0,0,0,1,0,0,0,0
79,Greek-Gyros-_crock-Pot-Recipe_-1454389,0,0,0,0,0,0,0,0,1,0,0,0,0
80,Greek-Isle-Chicken-MyRecipes-211177,0,0,0,0,0,0,0,0,1,0,0,0,0
81,Greek-Kale-Pasta-633977,0,0,0,0,0,0,0,0,1,0,0,0,0
82,Greek-Lamb-Burgers-with-Mint-Tzatziki-1188904,0,0,0,0,0,0,0,0,1,0,0,0,0
83,Greek-Lamb-Chops-with-Tzatziki-Sauce-1255041,0,0,0,0,0,0,0,0,1,0,0,0,0
84,Greek-Lamb-Kabobs-458476,0,0,0,0,0,0,0,0,1,0,0,0,0
85,Greek-Lamb-Kabobs-TasteOfHome,0,0,0,0,0,0,0,0,1,0,0,0,0
86,Greek-Lamb-Sliders-1053310,0,0,0,0,0,0,0,0,1,0,0,0,0
87,Greek-Lamb-Tray-Bake-1618585,0,0,0,0,0,0,0,0,1,0,0,0,0
88,Greek-Lamb-with-Spinach-and-Artichokes-575231,0,0,0,0,0,0,0,0,1,0,0,0,0
89,Greek-Leek-Pie-_Prasopita_-1630026,0,0,0,0,0,0,0,0,1,0,0,0,0
90,Greek-Lemon-Chicken-1559417,0,0,0,0,0,0,0,0,1,0,0,0,0
91,Greek-Lemon-Chicken-Skewers-with-Tzatziki-Sauce-1189750,0,0,0,0,0,0,0,0,1,0,0,0,0
92,Greek-Lemon-Chicken-Skewers-with-Tzatziki-Sauce-1241491,0,0,0,0,0,0,0,0,1,0,0,0,0
93,Greek-Lemon-Chicken-with-Tzatziki-Sauce-1575128,0,0,0,0,0,0,0,0,1,0,0,0,0
94,Greek-Mac-_-Cheese-501478,0,0,0,0,0,0,0,0,1,0,0,0,0
95,Greek-Marinated-Flank-Steak-and-My-Favorite-Hummus-Plate-1588201,0,0,0,0,0,0,0,0,1,0,0,0,0
96,Greek-Marinated-Grilled-Chicken-1212656,0,0,0,0,0,0,0,0,1,0,0,0,0
97,Greek-Marinated-Pork-Tenderloin-with-Tzatziki-1008351,0,0,0,0,0,0,0,0,1,0,0,0,0
98,Greek-Meatballs-with-Tzatziki-Sauce-1589104,0,0,0,0,0,0,0,0,1,0,0,0,0
99,Greek-Moussaka-1517043,0,0,0,0,0,0,0,0,1,0,0,0,0
100,Greek-Orzo-with-Spinach_-Olives-and-Feta-1595887,0,0,0,0,0,0,0,0,1,0,0,0,0
101,Greek-Pasta-Beef-Casserole-1293188,0,0,0,0,0,0,0,0,1,0,0,0,0
102,Greek-Pasta-Casserole-1330780,0,0,0,0,0,0,0,0,1,0,0,0,0
103,Greek-Pasta-With-Tomatoes-And-White-Beans-Allrecipes,0,0,0,0,0,0,0,0,1,0,0,0,0
104,Greek-Penne-And-Chicken-Allrecipes,0,0,0,0,0,0,0,0,1,0,0,0,0
105,Greek-Pizza-1576869,0,0,0,0,0,0,0,0,1,0,0,0,0
106,Greek-Pizza-My-Recipes,0,0,0,0,0,0,0,0,1,0,0,0,0
107,Greek-Pizza-With-Feta-My-Recipes,0,0,0,0,0,0,0,0,1,0,0,0,0
108,Greek-Roast-Lamb-with-Potatoes-1528650,0,0,0,0,0,0,0,0,1,0,0,0,0
109,Greek-Salad-Chicken-1229087,0,0,0,0,0,0,0,0,1,0,0,0,0
110,Greek-Salisbury-Steak-Meatballs-with-No-Yolks-Noodles-1525894,0,0,0,0,0,0,0,0,1,0,0,0,0
111,Greek-Salmon_-Olives-_-Artichokes-1346967,0,0,0,0,0,0,0,0,1,0,0,0,0
112,Greek-Sausages-In-Tomato-And-Caper-Stew-1706922,0,0,0,0,0,0,0,0,1,0,0,0,0
113,Greek-Shrimp-and-Spinach-Pasta-1065162,0,0,0,0,0,0,0,0,1,0,0,0,0
114,Greek-Shrimp-with-Tomatoes-and-Feta-Cheese-1007947,0,0,0,0,0,0,0,0,1,0,0,0,0
115,Greek-Spaghetti-with-Tomatoes-and-Feta-1035274,0,0,0,0,0,0,0,0,1,0,0,0,0
116,Greek-Spinach-Pie-1069251,0,0,0,0,0,0,0,0,1,0,0,0,0
117,Greek-Spinach-Pie-1558355,0,0,0,0,0,0,0,0,1,0,0,0,0
118,Greek-Spinach-Rice-With-Tomatoes-And-Feta-1515367,0,0,0,0,0,0,0,0,1,0,0,0,0
119,Greek-Spinach-_-Feta-Meatloaf-1373835,0,0,0,0,0,0,0,0,1,0,0,0,0
120,Greek-Spinach-with-White-Beans-and-Feta-1184557,0,0,0,0,0,0,0,0,1,0,0,0,0
121,Greek-Stuffed-Chicken-Breasts-with-Feta-and-Pine-Nuts-1564079,0,0,0,0,0,0,0,0,1,0,0,0,0
122,Greek-Stuffed-Eggplant-1705719,0,0,0,0,0,0,0,0,1,0,0,0,0
123,Greek-Stuffed-Peppers-Martha-Stewart,0,0,0,0,0,0,0,0,1,0,0,0,0
124,Greek-Stuffed-Peppers-With-Spinach-_-Artichoke-1637426,0,0,0,0,0,0,0,0,1,0,0,0,0
125,Greek-Style-Chicken-Breasts-1105061,0,0,0,0,0,0,0,0,1,0,0,0,0
126,Greek-Style-Chicken-with-Pickled-Onions_-Tomatoes_-and-Tzatziki-Martha-Stewart-238763,0,0,0,0,0,0,0,0,1,0,0,0,0
127,Greek-Style-Garlic-Chicken-Breast-578378,0,0,0,0,0,0,0,0,1,0,0,0,0
128,Greek-Style-Grilled-Chicken-With-Oregano_-Garlic_-Lemon_-and-Olive-Oil-1187746,0,0,0,0,0,0,0,0,1,0,0,0,0
129,Greek-Style-Grilled-Naan-Pizza-548473,0,0,0,0,0,0,0,0,1,0,0,0,0
130,Greek-Style-Halibut-MyRecipes-265273,0,0,0,0,0,0,0,0,1,0,0,0,0
131,Greek-Style-Lamb-Chops-1549454,0,0,0,0,0,0,0,0,1,0,0,0,0
132,Greek-Style-Lamb-Traybake-_Kleftiko_-1552083,0,0,0,0,0,0,0,0,1,0,0,0,0
133,Greek-Style-Lemon-Garlic-Chicken-1694180,0,0,0,0,0,0,0,0,1,0,0,0,0
134,Greek-Style-Mahi-Mahi-Savour-the-Senses-58284,0,0,0,0,0,0,0,0,1,0,0,0,0
135,Greek-Style-Pasta-with-Shrimp-1682143,0,0,0,0,0,0,0,0,1,0,0,0,0
136,Greek-Style-Pizza-1403065,0,0,0,0,0,0,0,0,1,0,0,0,0
137,Greek-Style-Quinoa-Patties-With-Tzatziki-Sauce-597114,0,0,0,0,0,0,0,0,1,0,0,0,0
138,Greek-Style-Roasted-Lamb-Gyros-with-Harissa-Spiced-Tzatziki_-1058486,0,0,0,0,0,0,0,0,1,0,0,0,0
139,Greek-Style-Spinach-Feta-Pie-1265584,0,0,0,0,0,0,0,0,1,0,0,0,0
140,Greek-Style-Stuffed-Peppers-1602074,0,0,0,0,0,0,0,0,1,0,0,0,0
141,Greek-Style-Turkey-Breast-Jo-Cooks-46106,0,0,0,0,0,0,0,0,1,0,0,0,0
142,Greek-Style-Vegetable-Casserole-1707262,0,0,0,0,0,0,0,0,1,0,0,0,0
143,Greek-Style-Vegetable-Casserole-562656,0,0,0,0,0,0,0,0,1,0,0,0,0
144,Greek-Tacos-1087978,0,0,0,0,0,0,0,0,1,0,0,0,0
145,Greek-Tuna-Casserole-984088,0,0,0,0,0,0,0,0,1,0,0,0,0
146,Greek-Turkey-Meatballs-1547814,0,0,0,0,0,0,0,0,1,0,0,0,0
147,Greek-Turkey-Meatloaf-1541193,0,0,0,0,0,0,0,0,1,0,0,0,0
148,Greek-Turkey-Tacos-1451789,0,0,0,0,0,0,0,0,1,0,0,0,0
149,Greek-Vegetable-Pizza-and-a-_200-GIVEAWAY_-1031480,0,0,0,0,0,0,0,0,1,0,0,0,0
150,Greek-White-Beans-with-Calamari-1626748,0,0,0,0,0,0,0,0,1,0,0,0,0
151,Greek-Yogurt-Chicken-1537849,0,0,0,0,0,0,0,0,1,0,0,0,0
152,Greek-Yogurt-Chicken-1538303,0,0,0,0,0,0,0,0,1,0,0,0,0
153,Greek-Zucchini-Noodles-with-Feta_-Olives_-Artichokes-and-Tomatoes-1354083,0,0,0,0,0,0,0,0,1,0,0,0,0
154,Greek-Zucchini-and-Herb-Pie-1228049,0,0,0,0,0,0,0,0,1,0,0,0,0
155,Greek-garlic-oregano-roasted-chicken-dinner-299218,0,0,0,0,0,0,0,0,1,0,0,0,0
156,Greek-pizza-297908,0,0,0,0,0,0,0,0,1,0,0,0,0
157,Greek-pizza-333514,0,0,0,0,0,0,0,0,1,0,0,0,0
158,Greek-salmon-cooked-in-a-grill-pan-309892,0,0,0,0,0,0,0,0,1,0,0,0,0
159,Greek-style-Lamb-Meatballs-1373240,0,0,0,0,0,0,0,0,1,0,0,0,0
160,Greek-style-shrimp-scampi-368543,0,0,0,0,0,0,0,0,1,0,0,0,0
161,Greek_style-Penne-With-Fresh-Tomatoes_-Feta_-And-Dill-Epicurious,0,0,0,0,0,0,0,0,1,0,0,0,0
162,Grilled-Chicken-Gyros-with-Tzatziki-Sauce-1247610,0,0,0,0,0,0,0,0,1,0,0,0,0
163,Grilled-Chicken-With-Mediterranean-Salsa-1222373,0,0,0,0,0,0,0,0,1,0,0,0,0
164,Grilled-Chicken-with-Greek-Salad-1539015,0,0,0,0,0,0,0,0,1,0,0,0,0
165,Grilled-Chicken-with-Mediterranean-Tomato-Topping-498322,0,0,0,0,0,0,0,0,1,0,0,0,0
166,Grilled-Eggplant-Stuffed-with-Bulgur_-Feta-and-Pine-Nuts-1202528,0,0,0,0,0,0,0,0,1,0,0,0,0
167,Grilled-Lamb-Pitas-w_-Pistachio-_-Mint-Pesto-1063867,0,0,0,0,0,0,0,0,1,0,0,0,0
168,Grilled-Mediterranean-Cedar-Plank-Salmon-1189021,0,0,0,0,0,0,0,0,1,0,0,0,0
169,Grilled-Mediterranean-Cedar-Plank-Salmon-1585389,0,0,0,0,0,0,0,0,1,0,0,0,0
170,Grilled-Mediterranean-Chicken-Foil-Packs-1678362,0,0,0,0,0,0,0,0,1,0,0,0,0
171,Grilled-Mediterranean-Chicken-Vegetable-Kabobs-1189162,0,0,0,0,0,0,0,0,1,0,0,0,0
172,Grilled-Mediterranean-Lamb-Chops-1234984,0,0,0,0,0,0,0,0,1,0,0,0,0
173,Grilled-Mediterranean-Meatballs-1695428,0,0,0,0,0,0,0,0,1,0,0,0,0
174,Grilled-Mediterranean-Platter-1288504,0,0,0,0,0,0,0,0,1,0,0,0,0
175,Grilled-Mediterranean-Tuna-1403083,0,0,0,0,0,0,0,0,1,0,0,0,0
176,Grilled-Mediterranean-Vegetables-with-Feta-1402322,0,0,0,0,0,0,0,0,1,0,0,0,0
177,Grilled-Pork-Chops-with-Greek-Salad-Salsa-1175827,0,0,0,0,0,0,0,0,1,0,0,0,0
178,Grilled-Tofu-with-a-Mediterranean-Chopped-Salad-1081203,0,0,0,0,0,0,0,0,1,0,0,0,0
179,Gyros-MyRecipes-226964,0,0,0,0,0,0,0,0,1,0,0,0,0
180,Gyros-with-Greek-Chicken-924634,0,0,0,0,0,0,0,0,1,0,0,0,0
181,Healthy-Mediterranean-Baked-Fish-1107622,0,0,0,0,0,0,0,0,1,0,0,0,0
182,Healthy-Mediterranean-Baked-Fish-1572937,0,0,0,0,0,0,0,0,1,0,0,0,0
183,Herbed-Chicken-Mediterranean-Pizza-_Papa-Murphys-Herb-Chicken-Mediterranean-Delite-Copycat-Recipe_-1598025,0,0,0,0,0,0,0,0,1,0,0,0,0
184,Homemade-Pita-Bread-1331804,0,0,1,0,0,0,0,0,1,0,0,0,0
185,How-to-cook-with-a-wow-traditional-greek-spanakopita-341919,0,0,0,0,0,0,0,0,1,0,0,0,0
186,Hunt_s-Chicken-with-Mediterranean-Vegetables-1363205,0,0,0,0,0,0,0,0,1,0,0,0,0
187,Involtini-1509615,0,0,0,0,0,0,0,0,1,0,0,0,0
188,Kalyn_s-Souvlaki-Recipe-_Souvlakia_-1020361,0,0,0,0,0,0,0,0,1,0,0,0,0
189,Kotopita-_Greek-Chicken-Pie_-1564981,0,0,0,0,0,0,0,0,1,0,0,0,0
190,Lamb-Burgers-1690519,0,0,0,0,0,0,0,0,1,0,0,0,0
191,Lamb-Burgers-with-Mint-Feta-Pesto-1007946,0,0,0,0,0,0,0,0,1,0,0,0,0
192,Lamb-Burgers-with-Tzatziki-Sauce-1164704,0,0,0,0,0,0,0,0,1,0,0,0,0
193,Lamb-Chops-with-Pomegranate-Relish-1537289,0,0,0,0,0,0,0,0,1,0,0,0,0
194,Lamb-Chops-with-Winter-Greek-Salad-1359708,0,0,0,0,0,0,0,0,1,0,0,0,0
195,Lamb-Kebabs-With-Cucumber-Feta-Relish-1597822,0,0,0,0,0,0,0,0,1,0,0,0,0
196,Lamb-Kebabs-with-Greek-Salad-1398305,0,0,0,0,0,0,0,0,1,0,0,0,0
197,Lamb-Meatballs-With-Feta-And-Lemon-568413,0,0,0,0,0,0,0,0,1,0,0,0,0
198,Lamb-Sausage-Patties-With-Fresh-Mint_-Feta_-And-Garlic-Epicurious,0,0,0,0,0,0,0,0,1,0,0,0,0
199,Lamb-Sausage-Patties-with-Fresh-Mint_-Feta_-and-Garlic-1690065,0,0,0,0,0,0,0,0,1,0,0,0,0
200,Lamb-Souvlaki-Martha-Stewart,0,0,0,0,0,0,0,0,1,0,0,0,0
201,Lamb-With-Olives-And-Caerphilly-1079978,0,0,0,0,0,0,0,0,1,0,0,0,0
202,Lamb-exohiko-_lamb_-spinach-and-cheese-stuffed-phyllo-parcels_-351102,0,0,0,0,0,0,0,0,1,0,0,0,0
203,Lamb-loin-chops-with-greek-salad-and-yogurt-lemon-sauce-302618,0,0,0,0,0,0,0,0,1,0,0,0,0
204,Lamb-meatballs-333990,0,0,0,0,0,0,0,0,1,0,0,0,0
205,Latest-Food-_-Recipes-news-611385,0,0,0,0,0,0,0,0,1,0,0,0,0
206,Lemon-Chicken-Gyros-with-Tzatziki-and-Feta-597312,0,0,0,0,0,0,0,0,1,0,0,0,0
207,Lightened-Up-Greek-Style-Stuffed-Peppers-1612213,0,0,0,0,0,0,0,0,1,0,0,0,0
208,Lime-Marinated-Steak-Gyros-with-Tzatziki-Sauce_-Tomatoes_-Onions_-Feta_-and-Mint-1026637,0,0,0,0,0,0,0,0,1,0,0,0,0
209,Low-Carb-Baked-Greek-Meatballs-with-Feta-and-Oregano-1495557,0,0,0,0,0,0,0,0,1,0,0,0,0
210,MEDITERRANEAN-PASTA-1509559,0,0,0,0,0,0,0,0,1,0,0,0,0
211,Mama-Voula_s-Spanakopita-774522,0,0,0,0,0,0,0,0,1,0,0,0,0
212,Marinated-Greek-Chicken-Kabobs-Allrecipes,0,0,0,0,0,0,0,0,1,0,0,0,0
213,Marinated-Greek-Chicken-Tostadas-1237091,0,0,0,0,0,0,0,0,1,0,0,0,0
214,Mark-Bittman_s-Grilled-Mediterranean-Chicken-Thighs-Serious-Eats-290513,0,0,0,0,0,0,0,0,1,0,0,0,0
215,Mediterranean-Baked-Chicken-574305,0,0,0,0,0,0,0,0,1,0,0,0,0
216,Mediterranean-Baked-Chicken-_-origianl-found-somewhere-on-Pinterest-1711013,0,0,0,0,0,0,0,0,1,0,0,0,0
217,Mediterranean-Baked-Chicken-and-Rice-1618972,0,0,0,0,0,0,0,0,1,0,0,0,0
218,Mediterranean-Baked-Fish-TasteOfHome,0,0,0,0,0,0,0,0,1,0,0,0,0
219,Mediterranean-Baked-Pasta-677951,0,0,0,0,0,0,0,0,1,0,0,0,0
220,Mediterranean-Baked-Salmon-487827,0,0,0,0,0,0,0,0,1,0,0,0,0
221,Mediterranean-Baked-Trout-with-Olives_-Fennel-_-Tomatoes-1562021,0,0,0,0,0,0,0,0,1,0,0,0,0
222,Mediterranean-Barley-Paella-1630860,0,0,0,0,0,0,0,0,1,0,0,0,0
223,Mediterranean-Bean-Stew-With-Potato-Griddle-Cakes-1623191,0,0,0,0,0,0,0,0,1,0,0,0,0
224,Mediterranean-Beef-Skewers-1289800,0,0,0,0,0,0,0,0,1,0,0,0,0
225,Mediterranean-Boneless-Pork-Chops-1639922,0,0,0,0,0,0,0,0,1,0,0,0,0
226,Mediterranean-Brisket-My-Recipes,0,0,0,0,0,0,0,0,1,0,0,0,0
227,Mediterranean-Brisket-MyRecipes-246819,0,0,0,0,0,0,0,0,1,0,0,0,0
228,Mediterranean-Cauliflower-Pizza-1001884,0,0,0,0,0,0,0,0,1,0,0,0,0
229,Mediterranean-Cauliflower-Pizza-1419572,0,0,0,0,0,0,0,0,1,0,0,0,0
230,Mediterranean-Cauliflower-Pizza-1494534,0,0,0,0,0,0,0,0,1,0,0,0,0
231,Mediterranean-Chicken-1018591,0,0,0,0,0,0,0,0,1,0,0,0,0
232,Mediterranean-Chicken-1030148,0,0,0,0,0,0,0,0,1,0,0,0,0
233,Mediterranean-Chicken-1122568,0,0,0,0,0,0,0,0,1,0,0,0,0
234,Mediterranean-Chicken-1168140,0,0,0,0,0,0,0,0,1,0,0,0,0
235,Mediterranean-Chicken-1220805,0,0,0,0,0,0,0,0,1,0,0,0,0
236,Mediterranean-Chicken-1224805,0,0,0,0,0,0,0,0,1,0,0,0,0
237,Mediterranean-Chicken-1298233,0,0,0,0,0,0,0,0,1,0,0,0,0
238,Mediterranean-Chicken-1405759,0,0,0,0,0,0,0,0,1,0,0,0,0
239,Mediterranean-Chicken-1406899,0,0,0,0,0,0,0,0,1,0,0,0,0
240,Mediterranean-Chicken-1487867,0,0,0,0,0,0,0,0,1,0,0,0,0
241,Mediterranean-Chicken-1535790,0,0,0,0,0,0,0,0,1,0,0,0,0
242,Mediterranean-Chicken-473065,0,0,0,0,0,0,0,0,1,0,0,0,0
243,Mediterranean-Chicken-Allrecipes,0,0,0,0,0,0,0,0,1,0,0,0,0
244,Mediterranean-Chicken-Bake-1032493,0,0,0,0,0,0,0,0,1,0,0,0,0
245,Mediterranean-Chicken-Bake-1712652,0,0,0,0,0,0,0,0,1,0,0,0,0
246,Mediterranean-Chicken-Epicurious,0,0,0,0,0,0,0,0,1,0,0,0,0
247,Mediterranean-Chicken-Kabobs-1613869,0,0,0,0,0,0,0,0,1,0,0,0,0
248,Mediterranean-Chicken-Kabobs-_Recipe_-1061676,0,0,0,0,0,0,0,0,1,0,0,0,0
249,Mediterranean-Chicken-Kebabs-1682319,0,0,0,0,0,0,0,0,1,0,0,0,0
250,Mediterranean-Chicken-Kebabs-with-Tzatziki-Sauce-487021,0,0,0,0,0,0,0,0,1,0,0,0,0
251,Mediterranean-Chicken-Martha-Stewart,0,0,0,0,0,0,0,0,1,0,0,0,0
252,Mediterranean-Chicken-Packets-1682726,0,0,0,0,0,0,0,0,1,0,0,0,0
253,Mediterranean-Chicken-Pasta-761695,0,0,0,0,0,0,0,0,1,0,0,0,0
254,Mediterranean-Chicken-Pasta-906215,0,0,0,0,0,0,0,0,1,0,0,0,0
255,Mediterranean-Chicken-Pasta-Bake-1247732,0,0,0,0,0,0,0,0,1,0,0,0,0
256,Mediterranean-Chicken-Pasta-with-Spinach-and-Red-Bell-Peppers-1685652,0,0,0,0,0,0,0,0,1,0,0,0,0
257,Mediterranean-Chicken-Roll-1182110,0,0,0,0,0,0,0,0,1,0,0,0,0
258,Mediterranean-Chicken-Skewers-1594397,0,0,0,0,0,0,0,0,1,0,0,0,0
259,Mediterranean-Chicken-Skillet-A-Variation-of-Basic-Chicken-Skillet-564998,0,0,0,0,0,0,0,0,1,0,0,0,0
260,Mediterranean-Chicken-Stew-1049645,0,0,0,0,0,0,0,0,1,0,0,0,0
261,Mediterranean-Chicken-Stew-Martha-Stewart-190664,0,0,0,0,0,0,0,0,1,0,0,0,0
262,Mediterranean-Chicken-Stew-with-Cinnamon-Couscous-1180700,0,0,0,0,0,0,0,0,1,0,0,0,0
263,Mediterranean-Chicken-Wellington-485446,0,0,0,0,0,0,0,0,1,0,0,0,0
264,Mediterranean-Chicken-With-Eggplant-Allrecipes,0,0,0,0,0,0,0,0,1,0,0,0,0
265,Mediterranean-Chicken-With-Polenta-678468,0,0,0,0,0,0,0,0,1,0,0,0,0
266,Mediterranean-Chicken-With-Roasted-Vegetables-1557088,0,0,0,0,0,0,0,0,1,0,0,0,0
267,Mediterranean-Chicken-_-Vegetable-Quiche-990082,0,0,0,0,0,0,0,0,1,0,0,0,0
268,Mediterranean-Chicken-and-Bow-Tie-Pasta-1223920,0,0,0,0,0,0,0,0,1,0,0,0,0
269,Mediterranean-Chicken-and-Pasta-748797,0,0,0,0,0,0,0,0,1,0,0,0,0
270,Mediterranean-Chicken-or-Turkey-Meatballs-1227674,0,0,0,0,0,0,0,0,1,0,0,0,0
271,Mediterranean-Chicken-with-Olives-Capers-and-Tomatoes-1570673,0,0,0,0,0,0,0,0,1,0,0,0,0
272,Mediterranean-Chicken-with-Vinegar-Roasted-Peppers-1021258,0,0,0,0,0,0,0,0,1,0,0,0,0
273,Mediterranean-Chicken_-Mushrooms-and-Rice-1055851,0,0,0,0,0,0,0,0,1,0,0,0,0
274,Mediterranean-Chickpea-Flatbread-Pizza-_Gluten-Free_-1548032,0,0,0,0,0,0,0,0,1,0,0,0,0
275,Mediterranean-Chickpeas-With-Sweet-Potato-Mash-1174248,0,0,0,0,0,0,0,0,1,0,0,0,0
276,Mediterranean-Chricken-Kebabs-1121881,0,0,0,0,0,0,0,0,1,0,0,0,0
277,Mediterranean-Cod-1162965,0,0,0,0,0,0,0,0,1,0,0,0,0
278,Mediterranean-Cod-1309043,0,0,0,0,0,0,0,0,1,0,0,0,0
279,Mediterranean-Cod-1506473,0,0,0,0,0,0,0,0,1,0,0,0,0
280,Mediterranean-Cod-1521063,0,0,0,0,0,0,0,0,1,0,0,0,0
281,Mediterranean-Cod-1584965,0,0,0,0,0,0,0,0,1,0,0,0,0
282,Mediterranean-Cod-1592878,0,0,0,0,0,0,0,0,1,0,0,0,0
283,Mediterranean-Coleslaw-and-Salmon-Bowl-1693264,0,0,0,0,0,0,0,0,1,0,0,0,0
284,Mediterranean-Coriander-Seasoning-Rub-MyRecipes-265126,0,0,0,0,0,0,0,0,1,0,0,0,0
285,Mediterranean-Cous-Cous-1067154,0,0,0,0,0,0,0,0,1,0,0,0,0
286,Mediterranean-Couscous-1039536,0,0,0,0,0,0,0,0,1,0,0,0,0
287,Mediterranean-Couscous-1355754,0,0,0,0,0,0,0,0,1,0,0,0,0
288,Mediterranean-Couscous-and-Beef-1080660,0,0,0,0,0,0,0,0,1,0,0,0,0
289,Mediterranean-Feast-1017231,0,0,0,0,0,0,0,0,1,0,0,0,0
290,Mediterranean-Feta-Lamb-Sliders-709398,0,0,0,0,0,0,0,0,1,0,0,0,0
291,Mediterranean-Feta-_-Shrimp-Pasta-961937,0,0,0,0,0,0,0,0,1,0,0,0,0
292,Mediterranean-Fish-Bake-1287245,0,0,0,0,0,0,0,0,1,0,0,0,0
293,Mediterranean-Fish-Parcels-1404152,0,0,0,0,0,0,0,0,1,0,0,0,0
294,Mediterranean-Flatbread-1257427,0,0,0,0,0,0,0,0,1,0,0,0,0
295,Mediterranean-Flatbread-972632,0,0,0,0,0,0,0,0,1,0,0,0,0
296,Mediterranean-Fried-Mackerel-1329733,0,0,0,0,0,0,0,0,1,0,0,0,0
297,Mediterranean-Galette-with-Spinach_-Artichoke-1700688,0,0,0,0,0,0,0,0,1,0,0,0,0
298,Mediterranean-Garlic-Herb-Beef-Skewers-Allrecipes,0,0,0,0,0,0,0,0,1,0,0,0,0
299,Mediterranean-Grilled-Chicken-1245236,0,0,0,0,0,0,0,0,1,0,0,0,0
300,Mediterranean-Grilled-Chicken-1279319,0,0,0,0,0,0,0,0,1,0,0,0,0
301,Mediterranean-Grilled-Chicken-Breasts-1509486,0,0,0,0,0,0,0,0,1,0,0,0,0
302,Mediterranean-Grilled-Chicken-Kebabs-My-Recipes,0,0,0,0,0,0,0,0,1,0,0,0,0
303,Mediterranean-Grilled-Chicken-_-Dill-Greek-Yogurt-Sauce-1125014,0,0,0,0,0,0,0,0,1,0,0,0,0
304,Mediterranean-Grilled-Chicken-_-Dill-Greek-Yogurt-Sauce-1634812,0,0,0,0,0,0,0,0,1,0,0,0,0
305,Mediterranean-Grilled-Sea-Bass-1156189,0,0,0,0,0,0,0,0,1,0,0,0,0
306,Mediterranean-Haddock-1400809,0,0,0,0,0,0,0,0,1,0,0,0,0
307,Mediterranean-Hummus-Pizza-748384,0,0,0,0,0,0,0,0,1,0,0,0,0
308,Mediterranean-Inspired-Baked-Salmon-Filets-1711609,0,0,0,0,0,0,0,0,1,0,0,0,0
309,Mediterranean-Inspired-Lentil-Stuffed-Peppers-1214305,0,0,0,0,0,0,0,0,1,0,0,0,0
310,Mediterranean-Lamb-Flatbread-1606744,0,0,0,0,0,0,0,0,1,0,0,0,0
311,Mediterranean-Lamb-Meatballs-with-Pomegranate-Glaze-993377,0,0,0,0,0,0,0,0,1,0,0,0,0
312,Mediterranean-Lamb-Pizza-1403878,0,0,0,0,0,0,0,0,1,0,0,0,0
313,Mediterranean-Lamb-Stew-1400996,0,0,0,0,0,0,0,0,1,0,0,0,0
314,Mediterranean-Lamb-Stew-1401531,0,0,0,0,0,0,0,0,1,0,0,0,0
315,Mediterranean-Lamb-and-Vegetable-Bake-1404070,0,0,0,0,0,0,0,0,1,0,0,0,0
316,Mediterranean-Lemon-Butter-Chicken-1345424,0,0,0,0,0,0,0,0,1,0,0,0,0
317,Mediterranean-Lemon-Chicken-1071052,0,0,0,0,0,0,0,0,1,0,0,0,0
318,Mediterranean-Lemon-Chicken-Allrecipes,0,0,0,0,0,0,0,0,1,0,0,0,0
319,Mediterranean-Lemon-Chicken-and-Potatoes-1037819,0,0,0,0,0,0,0,0,1,0,0,0,0
320,Mediterranean-Lemon-Chicken-with-Lentil-Salad-1411695,0,0,0,0,0,0,0,0,1,0,0,0,0
321,Mediterranean-Lemon-Lamb-Stew-1412428,0,0,0,0,0,0,0,0,1,0,0,0,0
322,Mediterranean-Lemon-Shrimp-and-Spinach-599942,0,0,0,0,0,0,0,0,1,0,0,0,0
323,Mediterranean-Lentils-Stir-Fry-1635960,0,0,0,0,0,0,0,0,1,0,0,0,0
324,Mediterranean-Linguine-with-Basil-and-Tomatoes-AllRecipes-38618,0,0,0,0,0,0,0,0,1,0,0,0,0
325,Mediterranean-Macaroni-and-Cheese-680049,0,0,0,0,0,0,0,0,1,0,0,0,0
326,Mediterranean-Macaroni-and-Cheese-Martha-Stewart,0,0,0,0,0,0,0,0,1,0,0,0,0
327,Mediterranean-Mahi-Mahi-Two-Ways-1631285,0,0,0,0,0,0,0,0,1,0,0,0,0
328,Mediterranean-Meat-Loaf-1270002,0,0,0,0,0,0,0,0,1,0,0,0,0
329,Mediterranean-Meatballs_-a-lambmeatball-recipe-with-Tunisian-spices-748769,0,0,0,0,0,0,0,0,1,0,0,0,0
330,Mediterranean-Millet-678316,0,0,0,0,0,0,0,0,1,0,0,0,0
331,Mediterranean-Mixed-Grill-Bowls-1697338,0,0,0,0,0,0,0,0,1,0,0,0,0
332,Mediterranean-Mozza-Chicken-1374370,0,0,0,0,0,0,0,0,1,0,0,0,0
333,Mediterranean-Mozza-Chicken-1581966,0,0,0,0,0,0,0,0,1,0,0,0,0
334,Mediterranean-Olive-Chicken-1591492,0,0,0,0,0,0,0,0,1,0,0,0,0
335,Mediterranean-One-Dish-Meal-1581884,0,0,0,0,0,0,0,0,1,0,0,0,0
336,Mediterranean-One-Pot-Wonder-White-Fish-Dinner-1711088,0,0,0,0,0,0,0,0,1,0,0,0,0
337,Mediterranean-Pan-Roasted-Salmon-931756,0,0,0,0,0,0,0,0,1,0,0,0,0
338,Mediterranean-Pan-Roasted-Salmon-960539,0,0,0,0,0,0,0,0,1,0,0,0,0
339,Mediterranean-Pasta-1629038,0,0,0,0,0,0,0,0,1,0,0,0,0
340,Mediterranean-Pasta-Allrecipes,0,0,0,0,0,0,0,0,1,0,0,0,0
341,Mediterranean-Pasta-Shells-AllRecipes-36837,0,0,0,0,0,0,0,0,1,0,0,0,0
342,Mediterranean-Pasta-With-Greens-Allrecipes,0,0,0,0,0,0,0,0,1,0,0,0,0
343,Mediterranean-Pasta-w_-Roasted-Red-Peppers-and-Artichokes-1009523,0,0,0,0,0,0,0,0,1,0,0,0,0
344,Mediterranean-Pasta-with-Broccoli-Rabe-1325517,0,0,0,0,0,0,0,0,1,0,0,0,0
345,Mediterranean-Pasta-with-No-Cook-Olive-Sauce-1237746,0,0,0,0,0,0,0,0,1,0,0,0,0
346,Mediterranean-Pasta-with-Shrimp-1524271,0,0,0,0,0,0,0,0,1,0,0,0,0
347,Mediterranean-Penne-608363,0,0,0,0,0,0,0,0,1,0,0,0,0
348,Mediterranean-Penne-with-Arugula-_-Tomatoes-1238021,0,0,0,0,0,0,0,0,1,0,0,0,0
349,Mediterranean-Pepper-and-Artichoke-Pizza-924483,0,0,0,0,0,0,0,0,1,0,0,0,0
350,Mediterranean-Pizza-1126428,0,0,0,0,0,0,0,0,1,0,0,0,0
351,Mediterranean-Pizza-1540385,0,0,0,0,0,0,0,0,1,0,0,0,0
352,Mediterranean-Pizza-1705058,0,0,0,0,0,0,0,0,1,0,0,0,0
353,Mediterranean-Pizza-TasteOfHome,0,0,0,0,0,0,0,0,1,0,0,0,0
354,Mediterranean-Pizza-with-Gluten-Free-Quinoa-Pizza-Crust-1569968,0,0,0,0,0,0,0,0,1,0,0,0,0
355,Mediterranean-Poached-Fish-1118093,0,0,0,0,0,0,0,0,1,0,0,0,0
356,Mediterranean-Poached-Fish-946722,0,0,0,0,0,0,0,0,1,0,0,0,0
357,Mediterranean-Pork-Kebabs-AllRecipes-38981,0,0,0,0,0,0,0,0,1,0,0,0,0
358,Mediterranean-Puff-Pastry-Chicken-Allrecipes,0,0,0,0,0,0,0,0,1,0,0,0,0
359,Mediterranean-Quiche-1330226,0,0,0,0,0,0,0,0,1,0,0,0,0
360,Mediterranean-Quinoa-Bowls-with-Roasted-Red-Pepper-Sauce-1433615,0,0,0,0,0,0,0,0,1,0,0,0,0
361,Mediterranean-Quinoa-Casserole-1512269,0,0,0,0,0,0,0,0,1,0,0,0,0
362,Mediterranean-Quinoa-Casserole-1623222,0,0,0,0,0,0,0,0,1,0,0,0,0
363,Mediterranean-Red-Snapper-678240,0,0,0,0,0,0,0,0,1,0,0,0,0
364,Mediterranean-Roasted-Chicken-_-Vegetables-769838,0,0,0,0,0,0,0,0,1,0,0,0,0
365,Mediterranean-Roasted-Chicken-with-Broccoli-and-Peppers-1557277,0,0,0,0,0,0,0,0,1,0,0,0,0
366,Mediterranean-Roasted-Red-Snapper-with-Sauteed-Veggies-_FishFridayFoodies-1600694,0,0,0,0,0,0,0,0,1,0,0,0,0
367,Mediterranean-Roasted-Shrimp-Stuffed-Peppers-793377,0,0,0,0,0,0,0,0,1,0,0,0,0
368,Mediterranean-Roasted-Spatchcock-Chicken-994915,0,0,0,0,0,0,0,0,1,0,0,0,0
369,Mediterranean-Roasted-Vegetable-Tart-Tatin-1403078,0,0,0,0,0,0,0,0,1,0,0,0,0
370,Mediterranean-Salmon-1107015,0,0,0,0,0,0,0,0,1,0,0,0,0
371,Mediterranean-Salmon-1280567,0,0,0,0,0,0,0,0,1,0,0,0,0
372,Mediterranean-Salmon-1641365,0,0,0,0,0,0,0,0,1,0,0,0,0
373,Mediterranean-Salmon-1641770,0,0,0,0,0,0,0,0,1,0,0,0,0
374,Mediterranean-Salmon-Allrecipes,0,0,0,0,0,0,0,0,1,0,0,0,0
375,Mediterranean-Salmon-My-Recipes_1,0,0,0,0,0,0,0,0,1,0,0,0,0
376,Mediterranean-Salmon-Parcels-1400769,0,0,0,0,0,0,0,0,1,0,0,0,0
377,Mediterranean-Sauteed-Shrimp-_-Fennel-970625,0,0,0,0,0,0,0,0,1,0,0,0,0
378,Mediterranean-Scallops-and-Artichoke-Mushroom-Pasta-1639785,0,0,0,0,0,0,0,0,1,0,0,0,0
379,Mediterranean-Shepards-Pie-1276638,0,0,0,0,0,0,0,0,1,0,0,0,0
380,Mediterranean-Shrimp-1599325,0,0,0,0,0,0,0,0,1,0,0,0,0
381,Mediterranean-Shrimp-575099,0,0,0,0,0,0,0,0,1,0,0,0,0
382,Mediterranean-Shrimp-Pasta-1700437,0,0,0,0,0,0,0,0,1,0,0,0,0
383,Mediterranean-Shrimp-Pasta-with-Whole-Wheat-Spaghetti-1700232,0,0,0,0,0,0,0,0,1,0,0,0,0
384,Mediterranean-Shrimp-Skillet-475469,0,0,0,0,0,0,0,0,1,0,0,0,0
385,Mediterranean-Shrimp-_-Farro-Pilaf-1599564,0,0,0,0,0,0,0,0,1,0,0,0,0
386,Mediterranean-Shrimp-and-Pasta-1046943,0,0,0,0,0,0,0,0,1,0,0,0,0
387,Mediterranean-Shrimp-over-Spinach-_Low-Carb_-Paleo_-1020164,0,0,0,0,0,0,0,0,1,0,0,0,0
388,Mediterranean-Slow-Cooked-Lamb-Shanks-1624926,0,0,0,0,0,0,0,0,1,0,0,0,0
389,Mediterranean-Smothered-Chicken-474849,0,0,0,0,0,0,0,0,1,0,0,0,0
390,Mediterranean-Spaghetti-1400717,0,0,0,0,0,0,0,0,1,0,0,0,0
391,Mediterranean-Spiced-Chicken-Thighs-1054923,0,0,0,0,0,0,0,0,1,0,0,0,0
392,Mediterranean-Spiced-Chicken-Thighs-1095734,0,0,0,0,0,0,0,0,1,0,0,0,0
393,Mediterranean-Spiced-Salmon-and-Vegetable-Quinoa-1542616,0,0,0,0,0,0,0,0,1,0,0,0,0
394,Mediterranean-Stuffed-Balsamic-and-Herb-Pork-Loin-_PinkPork-1432918,0,0,0,0,0,0,0,0,1,0,0,0,0
395,Mediterranean-Stuffed-Bell-Peppers-1216022,0,0,0,0,0,0,0,0,1,0,0,0,0
396,Mediterranean-Stuffed-Chicken-1230610,0,0,0,0,0,0,0,0,1,0,0,0,0
397,Mediterranean-Stuffed-Chicken-Allrecipes,0,0,0,0,0,0,0,0,1,0,0,0,0
398,Mediterranean-Stuffed-Chicken-Breast-1381534,0,0,0,0,0,0,0,0,1,0,0,0,0
399,Mediterranean-Stuffed-Chicken-Breasts-MyRecipes-245700,0,0,0,0,0,0,0,0,1,0,0,0,0
400,Mediterranean-Stuffed-Eggplant-with-Chickpeas_-Chunky-Tomato-Sauce_-Oregano-and-Warm-Spices-1625583,0,0,0,0,0,0,0,0,1,0,0,0,0
401,Mediterranean-Stuffed-Flank-Steak-1230543,0,0,0,0,0,0,0,0,1,0,0,0,0
402,Mediterranean-Stuffed-Peppers-1285393,0,0,0,0,0,0,0,0,1,0,0,0,0
403,Mediterranean-Stuffed-Peppers-1558732,0,0,0,0,0,0,0,0,1,0,0,0,0
404,Mediterranean-Stuffed-Swordfish-Allrecipes,0,0,0,0,0,0,0,0,1,0,0,0,0
405,Mediterranean-Style-Baked-Lima-Beans-1384738,0,0,0,0,0,0,0,0,1,0,0,0,0
406,Mediterranean-Style-Chicken-Thighs-1400946,0,0,0,0,0,0,0,0,1,0,0,0,0
407,Mediterranean-Style-Leg-of-Lamb-Recipe-with-Potatoes-1553998,0,0,0,0,0,0,0,0,1,0,0,0,0
408,Mediterranean-Style-Roast-Cod-1169108,0,0,0,0,0,0,0,0,1,0,0,0,0
409,Mediterranean-Style-Salmon-1210085,0,0,0,0,0,0,0,0,1,0,0,0,0
410,Mediterranean-Style-Stuffed-Peppers-1102049,0,0,0,0,0,0,0,0,1,0,0,0,0
411,Mediterranean-Style-Sweet-and-Sour-Chicken-754309,0,0,0,0,0,0,0,0,1,0,0,0,0
412,Mediterranean-Swordfish-My-Recipes,0,0,0,0,0,0,0,0,1,0,0,0,0
413,Mediterranean-Tilapia-1585733,0,0,0,0,0,0,0,0,1,0,0,0,0
414,Mediterranean-Tilapia-1610596,0,0,0,0,0,0,0,0,1,0,0,0,0
415,Mediterranean-Tilapia-Allrecipes,0,0,0,0,0,0,0,0,1,0,0,0,0
416,Mediterranean-Topped-Grilled-Chicken-1678832,0,0,0,0,0,0,0,0,1,0,0,0,0
417,Mediterranean-Tri-Tip-Steak-1624177,0,0,0,0,0,0,0,0,1,0,0,0,0
418,Mediterranean-Tuna-Noodle-Skillet-1067144,0,0,0,0,0,0,0,0,1,0,0,0,0
419,Mediterranean-Turkey-Burgers-1305164,0,0,0,0,0,0,0,0,1,0,0,0,0
420,Mediterranean-Turkey-Casserole-1313069,0,0,0,0,0,0,0,0,1,0,0,0,0
421,Mediterranean-Turkey-Skillet-1566364,0,0,0,0,0,0,0,0,1,0,0,0,0
422,Mediterranean-Vegetable-Casserole-1409115,0,0,0,0,0,0,0,0,1,0,0,0,0
423,Mediterranean-Vegetable-Moussaka---National-Vegetarian-Week-753398,0,0,0,0,0,0,0,0,1,0,0,0,0
424,Mediterranean-Veggie-Rice-Bowls-1210358,0,0,0,0,0,0,0,0,1,0,0,0,0
425,Mediterranean-White-Chicken-Enchiladas-1213809,0,0,0,0,0,0,0,0,1,0,0,0,0
426,Mediterranean-Zucchini-Noodles-_Low-Carb_-Gluten-Free_-Paleo_-Vegan_-1064181,0,0,0,0,0,0,0,0,1,0,0,0,0
427,Mediterranean-chicken-and-spinach-rice-bake-344898,0,0,0,0,0,0,0,0,1,0,0,0,0
428,Mediterranean-fish-packets-304237,0,0,0,0,0,0,0,0,1,0,0,0,0
429,Mediterranean-grilled-steak-297525,0,0,0,0,0,0,0,0,1,0,0,0,0
430,Mediterranean-grilled-steaks-with-antipasto-salsa-297413,0,0,0,0,0,0,0,0,1,0,0,0,0
431,Mediterranean-herbed-pork-roast-334207,0,0,0,0,0,0,0,0,1,0,0,0,0
432,Mediterranean-pork-chops-299690,0,0,0,0,0,0,0,0,1,0,0,0,0
433,Mediterranean-pork-with-olives-299462,0,0,0,0,0,0,0,0,1,0,0,0,0
434,Mediterranean-style-Lamb-Chops-1552173,0,0,0,0,0,0,0,0,1,0,0,0,0
435,Mediterranean-succotash-340167,0,0,0,0,0,0,0,0,1,0,0,0,0
436,Mediterranean-tuna-casserole-368665,0,0,0,0,0,0,0,0,1,0,0,0,0
437,Mediterranean-with-Tomatoes-_-Olives-1332145,0,0,0,0,0,0,0,0,1,0,0,0,0
438,Moroccan-Spiced-Grilled-Chicken-Breasts-Simply-Recipes-42827,0,0,0,0,0,0,0,0,1,0,0,0,0
439,NEW-Mediterranean-Pasta-1393465,0,0,0,0,0,0,0,0,1,0,0,0,0
440,Northern-Greek-Mushroom-and-Onion-Pie-981109,0,0,0,0,0,0,0,0,1,0,0,0,0
441,One-Pan-Gluten-Free-Mediterranean-Chicken-1623936,0,0,0,0,0,0,0,0,1,0,0,0,0
442,One-Pan-Greek-Chicken-1517201,0,0,0,0,0,0,0,0,1,0,0,0,0
443,One-Pan-Mediterranean-Roasted-Fish-Dinner-1707916,0,0,0,0,0,0,0,0,1,0,0,0,0
444,One-Pot-Mediterranean-Chicken-Feta-Pasta-1169750,0,0,0,0,0,0,0,0,1,0,0,0,0
445,One-Pot-Mediterranean-Chicken-with-Black-Olives-and-Orzo-1224191,0,0,0,0,0,0,0,0,1,0,0,0,0
446,One-Pot-Mediterranean-Orzo-Pasta-984355,0,0,0,0,0,0,0,0,1,0,0,0,0
447,One-Pot-Mediterranean-Quinoa-1532579,0,0,0,0,0,0,0,0,1,0,0,0,0
448,One-Pot-Mediterranean-Quinoa-Chicken-1579189,0,0,0,0,0,0,0,0,1,0,0,0,0
449,One-Pot-Mediterranean-Quinoa-with-Spinach-_-Chickpeas-1625325,0,0,0,0,0,0,0,0,1,0,0,0,0
450,One-Skillet-Mediterranean-Chicken-Recipe-with-Tomatoes-and-Green-Olives-1505667,0,0,0,0,0,0,0,0,1,0,0,0,0
451,One-Skillet-Paleo-Mediterranean-Chicken-1119388,0,0,0,0,0,0,0,0,1,0,0,0,0
452,Paleo-Mediterranean-Steak-1450613,0,0,0,0,0,0,0,0,1,0,0,0,0
453,Pan-Seared-Salmon-with-Mediterranean-Salsa-Fresca-and-Toasted-Couscous-1165221,0,0,0,0,0,0,0,0,1,0,0,0,0
454,Paprika-Mediterranean-Chicken-1489508,0,0,0,0,0,0,0,0,1,0,0,0,0
455,Paprika-Mediterranean-Chicken-611067,0,0,0,0,0,0,0,0,1,0,0,0,0
456,Pasta-with-Shrimp_-Artichokes-and-Feta-1619318,0,0,0,0,0,0,0,0,1,0,0,0,0
457,Penne-With-Shrimp_-Feta-and-Olives-899433,0,0,0,0,0,0,0,0,1,0,0,0,0
458,Penne-with-Spinach_-Feta_-and-Olives-1193853,0,0,0,0,0,0,0,0,1,0,0,0,0
459,Pesce-Spada-alla-Ghiotta-_Swordfish-with-Olives-and-Capers_-442249,0,0,0,0,0,0,0,0,1,0,0,0,0
460,Pork-Kebabs-with-Tzatziki-and-Greek-Salad-1411726,0,0,0,0,0,0,0,0,1,0,0,0,0
461,Quick-Mediterranean-Chicken-Allrecipes,0,0,0,0,0,0,0,0,1,0,0,0,0
462,Quick-Mediterranean-Pasta-Allrecipes,0,0,0,0,0,0,0,0,1,0,0,0,0
463,Quick-Mediterranean-Pasta-with-Feta-Cheese-1417900,0,0,0,0,0,0,0,0,1,0,0,0,0
464,Recipe-Inspirations-Mediterranean-Chicken-_-Tomatoes-1516884,0,0,0,0,0,0,0,0,1,0,0,0,0
465,Rigatoni-Mediterranean-Casserole-981321,0,0,0,0,0,0,0,0,1,0,0,0,0
466,Roast-Lamb-with-Greek-Herbs-1404643,0,0,0,0,0,0,0,0,1,0,0,0,0
467,Roasted-Mediterranean-Chicken-757387,0,0,0,0,0,0,0,0,1,0,0,0,0
468,Roasted-Mediterranean-Shrimp-with-Quinoa-1698385,0,0,0,0,0,0,0,0,1,0,0,0,0
469,Roasted-Veggie-Mediterranean-Tortellini-1239857,0,0,0,0,0,0,0,0,1,0,0,0,0
470,Rosemary-Pork-Chops-Epicurious,0,0,0,0,0,0,0,0,1,0,0,0,0
471,Sauteed-Chicken-With-Tomatoes_-Olives_-And-Feta-Epicurious,0,0,0,0,0,0,0,0,1,0,0,0,0
472,Shannon-_rumblytumbly_com_-1638910,0,0,0,0,0,0,0,0,1,0,0,0,0
473,Shrimp-and-Lemon-Skewers-with-Feta-Dill-Sauce-1629904,0,0,0,0,0,0,0,0,1,0,0,0,0
474,Simple-Greek-Couscous-1186799,0,0,0,0,0,0,0,0,1,0,0,0,0
475,Simple-Greek-Style-Baked-Fish-1050523,0,0,0,0,0,0,0,0,1,0,0,0,0
476,Simple-Mediterranean-Bouillabaisse-1254860,0,0,0,0,0,0,0,0,1,0,0,0,0
477,Skinny-Mediterranean-Style-Chicken-and-Pasta-1626012,0,0,0,0,0,0,0,0,1,0,0,0,0
478,Slow-Cooked-Mediterranean-Chicken-460064,0,0,0,0,0,0,0,0,1,0,0,0,0
479,Slow-Cooker-Low-Carb-Mediterranean-Beef-Stew-with-Rosemary-and-Balsamic-Vinegar-1455311,0,0,0,0,0,0,0,0,1,0,0,0,0
480,Slow-Cooker-Mediterranean-Chicken-1265596,0,0,0,0,0,0,0,0,1,0,0,0,0
481,Slow-Cooker-Mediterranean-Chicken-1677949,0,0,0,0,0,0,0,0,1,0,0,0,0
482,Socca-Pizza-with-Spinach_-Tomatoes_-Olives-and-Feta-_-_SundaySupper-1565813,0,0,0,0,0,0,0,0,1,0,0,0,0
483,Spanakopita-_Greek-Spinach-Pie_-1309018,0,0,0,0,0,0,0,0,1,0,0,0,0
484,Spicy-Mediterranean-Pasta-1597325,0,0,0,0,0,0,0,0,1,0,0,0,0
485,Spinach-and-Feta-Quinoa-Cakes-with-Lemon-Dill-Sauce-1074562,0,0,0,0,0,0,0,0,1,0,0,0,0
486,Spiralized-Mediterranean-Beet-and-Feta-Skillet-Bake-1010566,0,0,0,0,0,0,0,0,1,0,0,0,0
487,Spiralized-Mediterranean-Beet-and-Feta-Skillet-Bake-1616367,0,0,0,0,0,0,0,0,1,0,0,0,0
488,The-Greek-Quiche-with-Artichokes_-Kalamata-Olives_-Sun-Dried-Tomatoes-_-Feta-1274289,0,0,0,0,0,0,0,0,1,0,0,0,0
489,Thin-Crust-Mediterranean-Pizza-1618125,0,0,0,0,0,0,0,0,1,0,0,0,0
490,Traditional-Greek-Lentils-__-1293263,0,0,0,0,0,0,0,0,1,0,0,0,0
491,Vegetarian-greek-lentil-casserole-with-bell-peppers-and-feta-336068,0,0,0,0,0,0,0,0,1,0,0,0,0
492,Very-greek-grilled-chicken-310056,0,0,0,0,0,0,0,0,1,0,0,0,0
493,Yogurt-marinated-chicken-_-creamy-greek-sauce-308290,0,0,0,0,0,0,0,0,1,0,0,0,0
494,Yogurt-marinated-lamb-kebabs-305481,0,0,0,0,0,0,0,0,1,0,0,0,0
495,Zucchini-Noodles-with-Lemon-Chia-Greek-Yogurt-Chicken-_High-Protein_-GF-_-Super-Simple_-1057817,0,0,0,0,0,0,0,0,1,0,0,0,0
496,Zucchini-Spaghetti-with-Linguine_-Olives-and-Feta-1570751,0,0,0,0,0,0,0,0,1,0,0,0,0
497,_Greek-spinach-and-feta-pie_-1188802,0,0,0,0,0,0,0,0,1,0,0,0,0
498,_One-Pan_-Mediterranean-Chicken-Skillet-1178995,0,0,0,0,0,0,0,0,1,0,0,0,0
